0.50;1239.30;1209.10;4.393;4.471;77.807;254.17;163.97
0.51;1267.90;1237.00;4.394;4.470;76.454;254.87;163.99
0.52;1296.50;1264.90;4.396;4.467;75.155;255.56;164.01
0.53;1325.20;1292.90;4.397;4.464;73.906;256.21;164.02
0.54;1353.90;1320.90;4.398;4.461;72.708;256.86;164.04
0.55;1382.70;1348.90;4.399;4.459;71.552;257.50;164.06
0.56;1411.50;1377.10;4.400;4.457;70.438;258.12;164.07
0.57;1440.40;1405.20;4.401;4.455;69.192;258.67;164.09
0.58;1469.30;1433.40;4.402;4.454;67.994;259.22;164.11
0.59;1498.20;1461.70;4.403;4.452;66.842;259.77;164.12
0.60;1527.20;1489.90;4.404;4.451;65.732;260.32;164.14
0.61;1556.20;1518.20;4.404;4.450;64.661;260.86;164.16
0.62;1585.20;1546.60;4.405;4.450;63.629;261.40;164.18
0.63;1614.30;1574.90;4.406;4.450;62.632;261.91;164.19
0.64;1643.40;1603.30;4.406;4.450;61.669;262.42;164.21
0.65;1672.50;1631.70;4.407;4.450;60.739;262.92;164.23
0.66;1701.60;1660.10;4.408;4.451;59.840;263.43;164.24
0.67;1730.80;1688.60;4.408;4.451;58.970;263.93;164.26
0.68;1760.00;1717.10;4.409;4.451;58.129;264.43;164.28
0.69;1789.30;1745.70;4.410;4.451;57.314;264.92;164.29
0.70;1818.60;1774.20;4.410;4.452;56.525;265.41;164.31
0.71;1847.90;1802.80;4.412;4.506;55.761;265.14;164.33
0.72;1877.20;1831.40;4.413;4.507;55.020;265.62;164.35
0.73;1906.50;1860.00;4.414;4.509;54.301;266.09;164.36
0.74;1935.90;1888.70;4.416;4.510;53.604;266.56;164.37
0.75;1965.30;1917.40;4.417;4.511;52.927;267.02;164.38
0.76;1994.70;1946.10;4.418;4.512;52.269;267.49;164.39
0.77;2024.20;1974.80;4.420;4.514;51.627;267.95;164.40
0.78;2053.70;2003.60;4.421;4.516;51.001;268.39;164.41
0.79;2083.20;2032.40;4.422;4.517;50.392;268.84;164.42
0.80;2112.70;2061.20;4.424;4.519;49.800;269.27;164.43
0.81;2142.30;2090.10;4.425;4.521;49.223;269.69;164.44
0.82;2171.90;2118.90;4.426;4.523;48.660;270.12;164.46
0.83;2201.50;2147.80;4.428;4.525;48.113;270.55;164.47
0.84;2231.20;2176.80;4.429;4.527;47.579;270.97;164.48
0.85;2260.90;2205.70;4.430;4.527;47.058;271.38;164.49
0.86;2290.60;2234.70;4.431;4.528;46.550;271.78;164.50
0.87;2320.30;2263.70;4.432;4.528;46.054;272.19;164.51
0.88;2350.10;2292.70;4.434;4.528;45.570;272.60;164.52
0.89;2379.80;2321.80;4.435;4.528;45.098;273.00;164.53
0.90;2409.60;2350.90;4.436;4.528;44.638;273.41;164.54
0.91;2439.50;2380.00;4.437;4.505;44.187;274.13;164.55
0.92;2469.40;2409.10;4.438;4.504;43.746;274.52;164.56
0.93;2499.30;2438.30;4.438;4.502;43.316;274.91;164.58
0.94;2529.20;2467.50;4.439;4.501;42.896;275.30;164.59
0.95;2559.10;2496.70;4.440;4.500;42.486;275.68;164.60
0.96;2589.10;2525.90;4.441;4.498;42.085;276.07;164.61
0.97;2619.10;2555.20;4.441;4.497;41.692;276.45;164.62
0.98;2649.10;2584.50;4.442;4.496;41.309;276.84;164.63
0.99;2679.10;2613.80;4.443;4.494;40.934;277.23;164.64
1.00;2709.20;2643.10;4.443;4.493;40.567;277.61;164.65
1.01;2739.30;2672.50;4.444;4.492;40.208;277.99;164.66
1.02;2769.40;2701.90;4.444;4.490;39.857;278.38;164.67
1.03;2799.60;2731.30;4.445;4.489;39.513;278.76;164.68
1.04;2829.80;2760.70;4.445;4.489;39.173;279.12;164.70
1.05;2859.90;2790.20;4.446;4.490;38.841;279.48;164.71
1.06;2890.20;2819.70;4.446;4.491;38.515;279.84;164.72
1.07;2920.40;2849.20;4.447;4.492;38.195;280.20;164.73
1.08;2950.70;2878.70;4.447;4.492;37.882;280.56;164.74
1.09;2981.00;2908.30;4.448;4.494;37.576;280.91;164.75
1.10;3011.30;2937.80;4.448;4.495;37.275;281.26;164.76
1.11;3041.60;2967.40;4.449;4.497;36.980;281.61;164.77
1.12;3072.00;2997.10;4.449;4.498;36.691;281.96;164.78
1.13;3102.40;3026.70;4.450;4.500;36.407;282.30;164.79
1.14;3132.80;3056.40;4.451;4.501;36.129;282.65;164.80
1.15;3163.20;3086.10;4.451;4.501;35.856;282.98;164.81
1.16;3193.70;3115.80;4.452;4.501;35.588;283.31;164.82
1.17;3224.10;3145.50;4.452;4.501;35.325;283.64;164.83
1.18;3254.60;3175.30;4.453;4.501;35.067;283.97;164.84
1.19;3285.20;3205.00;4.453;4.502;34.813;284.29;164.84
1.20;3315.70;3234.80;4.454;4.502;34.565;284.62;164.85
1.21;3346.30;3264.60;4.454;4.502;34.320;284.95;164.86
1.22;3376.90;3294.50;4.454;4.502;34.061;285.26;164.86
1.23;3407.50;3324.30;4.455;4.503;33.798;285.56;164.87
1.24;3438.10;3354.20;4.455;4.503;33.540;285.86;164.88
1.25;3468.70;3384.10;4.456;4.504;33.286;286.16;164.89
1.26;3499.40;3414.00;4.456;4.504;33.037;286.46;164.89
1.27;3530.00;3443.90;4.457;4.505;32.792;286.75;164.90
1.28;3560.70;3473.90;4.457;4.506;32.551;287.04;164.91
1.29;3591.40;3503.80;4.458;4.507;32.314;287.33;164.92
1.30;3622.10;3533.80;4.458;4.508;32.081;287.62;164.92
1.31;3652.80;3563.80;4.459;4.508;31.852;287.91;164.93
1.32;3683.60;3593.70;4.459;4.509;31.626;288.20;164.94
1.33;3714.30;3623.80;4.460;4.509;31.404;288.48;164.94
1.34;3745.10;3653.80;4.460;4.509;31.185;288.76;164.95
1.35;3775.90;3683.80;4.460;4.509;30.969;289.04;164.96
1.36;3806.70;3713.90;4.461;4.508;30.757;289.31;164.97
1.37;3837.50;3743.90;4.461;4.508;30.548;289.57;164.97
1.38;3868.40;3774.00;4.462;4.508;30.342;289.84;164.98
1.39;3899.20;3804.10;4.462;4.508;30.140;290.10;164.99
1.40;3930.10;3834.20;4.463;4.507;29.939;290.34;165.00
1.41;3960.90;3864.30;4.463;4.506;29.741;290.58;165.00
1.42;3991.80;3894.50;4.463;4.505;29.546;290.82;165.01
1.43;4022.70;3924.60;4.464;4.504;29.354;291.06;165.02
1.44;4053.60;3954.80;4.464;4.503;29.165;291.30;165.02
1.45;4084.60;3984.90;4.464;4.502;28.979;291.54;165.03
1.46;4115.50;4015.10;4.465;4.501;28.795;291.78;165.04
1.47;4146.40;4045.30;4.465;4.500;28.615;292.02;165.05
1.48;4177.40;4075.50;4.466;4.499;28.437;292.25;165.05
1.49;4208.40;4105.70;4.466;4.498;28.262;292.49;165.06
1.50;4239.40;4136.00;4.466;4.497;28.089;292.73;165.07
1.51;4270.40;4166.20;4.466;4.496;27.919;292.97;165.08
1.52;4301.40;4196.50;4.467;4.495;27.751;293.21;165.08
1.53;4332.40;4226.80;4.467;4.494;27.586;293.45;165.09
1.54;4363.50;4257.00;4.467;4.493;27.423;293.68;165.10
1.55;4394.50;4287.30;4.468;4.492;27.262;293.92;165.10
1.56;4425.60;4317.60;4.468;4.491;27.104;294.16;165.11
1.57;4456.70;4348.00;4.468;4.490;26.947;294.39;165.12
1.58;4487.80;4378.30;4.468;4.489;26.793;294.62;165.13
1.59;4518.90;4408.60;4.469;4.488;26.641;294.86;165.13
1.60;4550.00;4439.00;4.469;4.487;26.490;295.09;165.14
1.61;4581.10;4469.40;4.469;4.487;26.342;295.32;165.15
1.62;4612.30;4499.80;4.469;4.486;26.196;295.56;165.15
1.63;4643.40;4530.20;4.469;4.485;26.052;295.79;165.16
1.64;4674.60;4560.60;4.469;4.484;25.910;296.02;165.16
1.65;4705.80;4591.00;4.470;4.484;25.770;296.25;165.17
1.66;4736.90;4621.40;4.470;4.483;25.631;296.48;165.17
1.67;4768.20;4651.90;4.470;4.482;25.494;296.71;165.18
1.68;4799.40;4682.30;4.470;4.482;25.360;296.94;165.18
1.69;4830.60;4712.80;4.470;4.481;25.226;297.16;165.19
1.70;4861.80;4743.30;4.470;4.481;25.095;297.39;165.19
1.71;4893.10;4773.70;4.470;4.481;24.965;297.61;165.20
1.72;4924.40;4804.30;4.470;4.480;24.837;297.84;165.20
1.73;4955.60;4834.80;4.471;4.480;24.711;298.06;165.20
1.74;4986.90;4865.30;4.471;4.480;24.586;298.29;165.21
1.75;5018.20;4895.80;4.471;4.479;24.463;298.51;165.21
1.76;5049.50;4926.40;4.471;4.479;24.341;298.74;165.22
1.77;5080.90;4957.00;4.471;4.479;24.221;298.96;165.22
1.78;5112.20;4987.50;4.471;4.479;24.103;299.19;165.23
1.79;5143.60;5018.10;4.471;4.478;23.985;299.41;165.23
1.80;5174.90;5048.70;4.471;4.478;23.870;299.63;165.24
1.81;5206.30;5079.30;4.471;4.476;23.754;299.84;165.24
1.82;5237.70;5110.00;4.471;4.475;23.639;300.04;165.25
1.83;5269.10;5140.60;4.471;4.473;23.526;300.24;165.25
1.84;5300.50;5171.20;4.472;4.471;23.414;300.44;165.26
1.85;5331.90;5201.90;4.472;4.470;23.302;300.64;165.26
1.86;5363.40;5232.60;4.472;4.469;23.193;300.84;165.27
1.87;5394.80;5263.20;4.472;4.467;23.084;301.04;165.27
1.88;5426.30;5293.90;4.472;4.466;22.977;301.24;165.27
1.89;5457.70;5324.60;4.472;4.464;22.871;301.44;165.28
1.90;5489.20;5355.30;4.472;4.463;22.767;301.63;165.28
1.91;5520.70;5386.10;4.472;4.461;22.660;301.82;165.29
1.92;5552.20;5416.80;4.472;4.460;22.550;302.00;165.29
1.93;5583.70;5447.50;4.472;4.458;22.440;302.19;165.30
1.94;5615.20;5478.30;4.472;4.457;22.332;302.37;165.30
1.95;5646.70;5509.00;4.472;4.455;22.226;302.55;165.31
1.96;5678.30;5539.80;4.472;4.454;22.120;302.73;165.31
1.97;5709.80;5570.50;4.472;4.452;22.016;302.92;165.32
1.98;5741.30;5601.30;4.472;4.450;21.913;303.10;165.32
1.99;5772.90;5632.10;4.472;4.449;21.811;303.27;165.33
2.00;5804.40;5662.90;4.471;4.447;21.710;303.45;165.33
2.01;5836.00;5693.70;4.471;4.445;21.610;303.62;165.33
2.02;5867.60;5724.50;4.471;4.444;21.511;303.80;165.34
2.03;5899.20;5755.30;4.471;4.442;21.414;303.97;165.34
2.04;5930.70;5786.10;4.471;4.441;21.317;304.16;165.35
2.05;5962.30;5816.90;4.471;4.441;21.222;304.36;165.35
2.06;5993.90;5847.70;4.471;4.441;21.128;304.55;165.36
2.07;6025.50;5878.60;4.471;4.440;21.034;304.74;165.36
2.08;6057.20;5909.40;4.471;4.440;20.942;304.93;165.37
2.09;6088.80;5940.30;4.471;4.439;20.850;305.12;165.37
2.10;6120.40;5971.10;4.471;4.439;20.760;305.31;165.38
2.11;6152.00;6002.00;4.470;4.438;20.671;305.50;165.38
2.12;6183.70;6032.90;4.470;4.437;20.582;305.68;165.39
2.13;6215.30;6063.70;4.470;4.435;20.495;305.85;165.39
2.14;6247.00;6094.60;4.470;4.433;20.408;306.02;165.40
2.15;6278.60;6125.50;4.469;4.431;20.322;306.19;165.40
2.16;6310.30;6156.40;4.469;4.430;20.238;306.35;165.40
2.17;6342.00;6187.30;4.469;4.428;20.154;306.52;165.41
2.18;6373.70;6218.20;4.469;4.426;20.071;306.68;165.41
2.19;6405.30;6249.10;4.468;4.424;19.988;306.84;165.42
2.20;6437.00;6280.00;4.468;4.422;19.907;307.01;165.42
2.21;6468.70;6311.00;4.468;4.420;19.826;307.17;165.43
2.22;6500.40;6341.90;4.468;4.418;19.746;307.33;165.43
2.23;6532.10;6372.80;4.467;4.416;19.667;307.50;165.44
2.24;6563.90;6403.80;4.467;4.414;19.589;307.66;165.44
2.25;6595.60;6434.70;4.467;4.412;19.511;307.82;165.45
2.26;6627.30;6465.70;4.466;4.410;19.435;307.99;165.45
2.27;6659.10;6496.70;4.466;4.408;19.359;308.15;165.46
2.28;6690.80;6527.60;4.466;4.406;19.283;308.31;165.46
2.29;6722.60;6558.60;4.465;4.404;19.209;308.47;165.46
2.30;6754.30;6589.60;4.465;4.402;19.135;308.63;165.47
2.31;6786.10;6620.60;4.465;4.400;19.062;308.79;165.47
2.32;6817.90;6651.60;4.464;4.399;18.989;308.95;165.47
2.33;6849.60;6682.60;4.464;4.397;18.917;309.11;165.47
2.34;6881.40;6713.60;4.464;4.395;18.846;309.27;165.48
2.35;6913.20;6744.60;4.463;4.393;18.776;309.43;165.48
2.36;6945.00;6775.60;4.463;4.391;18.706;309.59;165.48
2.37;6976.80;6806.70;4.463;4.389;18.637;309.75;165.48
2.38;7008.60;6837.70;4.462;4.387;18.569;309.91;165.48
2.39;7040.50;6868.70;4.462;4.385;18.501;310.07;165.49
2.40;7072.30;6899.80;4.461;4.383;18.434;310.23;165.49
2.41;7104.10;6930.80;4.461;4.382;18.368;310.38;165.49
2.42;7136.00;6961.90;4.461;4.380;18.302;310.54;165.49
2.43;7167.80;6993.00;4.460;4.378;18.237;310.70;165.49
2.44;7199.70;7024.10;4.460;4.376;18.173;310.86;165.49
2.45;7231.50;7055.10;4.459;4.374;18.109;311.02;165.50
2.46;7263.40;7086.20;4.459;4.372;18.045;311.18;165.50
2.47;7295.30;7117.30;4.459;4.370;17.983;311.34;165.50
2.48;7327.10;7148.40;4.458;4.368;17.920;311.50;165.50
2.49;7359.00;7179.50;4.458;4.367;17.859;311.66;165.50
2.50;7390.90;7210.60;4.457;4.365;17.798;311.82;165.50
2.51;7422.80;7241.80;4.457;4.363;17.737;311.98;165.51
2.52;7454.70;7272.90;4.456;4.361;17.677;312.14;165.51
2.53;7486.60;7304.00;4.456;4.359;17.618;312.29;165.51
2.54;7518.50;7335.20;4.456;4.357;17.559;312.44;165.51
2.55;7550.50;7366.30;4.455;4.355;17.500;312.60;165.51
2.56;7582.40;7397.50;4.455;4.354;17.442;312.75;165.52
2.57;7614.30;7428.60;4.454;4.352;17.384;312.91;165.52
2.58;7646.30;7459.80;4.454;4.350;17.327;313.06;165.52
2.59;7678.20;7490.90;4.453;4.347;17.270;313.20;165.52
2.60;7710.20;7522.10;4.453;4.344;17.213;313.34;165.52
2.61;7742.10;7553.30;4.452;4.342;17.157;313.47;165.52
2.62;7774.10;7584.50;4.452;4.339;17.101;313.61;165.53
2.63;7806.10;7615.70;4.451;4.336;17.045;313.75;165.53
2.64;7838.00;7646.90;4.451;4.334;16.990;313.88;165.53
2.65;7870.00;7678.10;4.450;4.330;16.936;314.01;165.53
2.66;7902.00;7709.30;4.450;4.327;16.882;314.14;165.53
2.67;7934.00;7740.50;4.449;4.323;16.828;314.27;165.53
2.68;7966.00;7771.70;4.449;4.320;16.775;314.39;165.54
2.69;7998.00;7802.90;4.448;4.317;16.722;314.51;165.54
2.70;8030.00;7834.20;4.448;4.313;16.669;314.63;165.54
2.71;8062.00;7865.40;4.447;4.310;16.617;314.75;165.54
2.72;8094.00;7896.60;4.446;4.306;16.566;314.87;165.54
2.73;8126.10;7927.90;4.446;4.303;16.515;314.99;165.55
2.74;8158.10;7959.10;4.445;4.299;16.464;315.10;165.55
2.75;8190.10;7990.40;4.445;4.296;16.414;315.22;165.55
2.76;8222.10;8021.60;4.444;4.293;16.364;315.33;165.55
2.77;8254.20;8052.90;4.443;4.290;16.315;315.45;165.55
2.78;8286.20;8084.10;4.443;4.286;16.266;315.57;165.55
2.79;8318.30;8115.40;4.442;4.283;16.217;315.68;165.56
2.80;8350.30;8146.70;4.442;4.280;16.169;315.80;165.56
2.81;8382.40;8177.90;4.441;4.277;16.121;315.91;165.56
2.82;8414.50;8209.20;4.440;4.273;16.074;316.03;165.56
2.83;8446.50;8240.50;4.440;4.270;16.027;316.14;165.56
2.84;8478.60;8271.80;4.439;4.267;15.980;316.26;165.56
2.85;8510.70;8303.10;4.438;4.264;15.934;316.37;165.57
2.86;8542.80;8334.40;4.438;4.260;15.888;316.49;165.57
2.87;8574.80;8365.70;4.437;4.257;15.843;316.60;165.57
2.88;8606.90;8397.00;4.436;4.254;15.798;316.72;165.57
2.89;8639.00;8428.30;4.435;4.251;15.753;316.83;165.57
2.90;8671.10;8459.60;4.435;4.248;15.709;316.95;165.58
2.91;8703.20;8491.00;4.434;4.244;15.665;317.06;165.58
2.92;8735.40;8522.30;4.433;4.241;15.621;317.17;165.58
2.93;8767.50;8553.60;4.433;4.238;15.577;317.29;165.58
2.94;8799.60;8585.00;4.432;4.235;15.534;317.40;165.58
2.95;8831.70;8616.30;4.431;4.232;15.492;317.51;165.58
2.96;8863.80;8647.70;4.430;4.229;15.449;317.62;165.59
2.97;8896.00;8679.00;4.430;4.225;15.407;317.73;165.59
2.98;8928.10;8710.40;4.429;4.222;15.366;317.85;165.59
2.99;8960.30;8741.70;4.428;4.219;15.324;317.96;165.59
3.00;8992.40;8773.10;4.427;4.215;15.283;318.07;165.59
3.01;9024.60;8804.40;4.426;4.212;15.242;318.18;165.59
3.02;9056.70;8835.80;4.426;4.209;15.202;318.29;165.59
3.03;9088.90;8867.20;4.425;4.206;15.162;318.40;165.59
3.04;9121.00;8898.60;4.424;4.202;15.122;318.51;165.59
3.05;9153.20;8930.00;4.423;4.199;15.083;318.62;165.59
3.06;9185.40;8961.30;4.422;4.196;15.044;318.73;165.59
3.07;9217.60;8992.70;4.422;4.192;15.005;318.85;165.59
3.08;9249.70;9024.10;4.421;4.189;14.966;318.96;165.59
3.09;9281.90;9055.50;4.420;4.186;14.928;319.07;165.58
3.10;9314.10;9086.90;4.419;4.183;14.890;319.18;165.58
3.11;9346.30;9118.40;4.418;4.179;14.852;319.29;165.58
3.12;9378.50;9149.80;4.417;4.176;14.815;319.40;165.58
3.13;9410.70;9181.20;4.416;4.173;14.778;319.51;165.58
3.14;9442.90;9212.60;4.416;4.169;14.741;319.62;165.58
3.15;9475.10;9244.00;4.415;4.166;14.705;319.73;165.58
3.16;9507.40;9275.50;4.414;4.162;14.668;319.84;165.58
3.17;9539.60;9306.90;4.413;4.159;14.632;319.95;165.58
3.18;9571.80;9338.30;4.412;4.156;14.597;320.05;165.58
3.19;9604.00;9369.80;4.411;4.152;14.561;320.16;165.58
3.20;9636.30;9401.20;4.410;4.149;14.526;320.27;165.58
3.21;9668.50;9432.70;4.409;4.146;14.491;320.38;165.58
3.22;9700.80;9464.20;4.408;4.142;14.457;320.49;165.58
3.23;9733.00;9495.60;4.408;4.139;14.422;320.60;165.58
3.24;9765.30;9527.10;4.407;4.135;14.388;320.71;165.58
3.25;9797.50;9558.60;4.406;4.132;14.354;320.82;165.58
3.26;9829.80;9590.00;4.405;4.129;14.321;320.93;165.58
3.27;9862.10;9621.50;4.404;4.125;14.287;321.04;165.58
3.28;9894.30;9653.00;4.403;4.122;14.254;321.14;165.58
3.29;9926.60;9684.50;4.402;4.119;14.221;321.25;165.58
3.30;9958.90;9716.00;4.401;4.116;14.189;321.36;165.58
3.31;9991.20;9747.50;4.400;4.113;14.156;321.46;165.58
3.32;10023.50;9779.00;4.399;4.109;14.124;321.57;165.58
3.33;10055.80;9810.50;4.398;4.106;14.092;321.67;165.58
3.34;10088.10;9842.00;4.397;4.103;14.060;321.78;165.58
3.35;10120.40;9873.50;4.396;4.100;14.029;321.89;165.58
3.36;10152.70;9905.00;4.395;4.097;13.997;321.99;165.58
3.37;10185.00;9936.60;4.394;4.094;13.966;322.10;165.58
3.38;10217.30;9968.10;4.393;4.091;13.935;322.20;165.58
3.39;10249.60;9999.60;4.392;4.088;13.905;322.31;165.58
3.40;10281.90;10031.20;4.391;4.085;13.874;322.41;165.58
3.41;10314.30;10062.70;4.390;4.082;13.844;322.52;165.58
3.42;10346.60;10094.20;4.389;4.079;13.814;322.62;165.58
3.43;10378.90;10125.80;4.388;4.076;13.784;322.72;165.57
3.44;10411.30;10157.30;4.387;4.073;13.755;322.83;165.57
3.45;10443.60;10188.90;4.386;4.070;13.726;322.93;165.57
3.46;10476.00;10220.50;4.385;4.068;13.696;323.03;165.57
3.47;10508.30;10252.00;4.384;4.065;13.667;323.13;165.57
3.48;10540.70;10283.60;4.383;4.062;13.639;323.23;165.57
3.49;10573.10;10315.20;4.382;4.059;13.610;323.34;165.57
3.50;10605.40;10346.80;4.381;4.056;13.582;323.44;165.57
3.51;10637.80;10378.30;4.380;4.054;13.554;323.54;165.57
3.52;10670.20;10409.90;4.379;4.051;13.526;323.64;165.57
3.53;10702.50;10441.50;4.378;4.049;13.498;323.74;165.57
3.54;10734.90;10473.10;4.377;4.046;13.470;323.83;165.57
3.55;10767.30;10504.70;4.376;4.044;13.442;323.93;165.57
3.56;10799.70;10536.30;4.375;4.041;13.415;324.03;165.57
3.57;10832.10;10567.90;4.374;4.039;13.388;324.13;165.57
3.58;10864.50;10599.50;4.373;4.036;13.361;324.23;165.57
3.59;10896.90;10631.10;4.372;4.034;13.334;324.33;165.57
3.60;10929.30;10662.70;4.371;4.031;13.307;324.42;165.57
3.61;10961.70;10694.40;4.370;4.027;13.281;324.50;165.56
3.62;10994.10;10726.00;4.369;4.023;13.254;324.57;165.56
3.63;11026.60;10757.60;4.368;4.020;13.227;324.64;165.56
3.64;11059.00;10789.20;4.367;4.016;13.201;324.71;165.56
3.65;11091.40;10820.90;4.366;4.012;13.175;324.78;165.55
3.66;11123.80;10852.50;4.365;4.008;13.149;324.86;165.55
3.67;11156.30;10884.20;4.364;4.004;13.123;324.93;165.55
3.68;11188.70;10915.80;4.363;4.000;13.098;325.00;165.54
3.69;11221.10;10947.40;4.362;3.996;13.073;325.07;165.54
3.70;11253.60;10979.10;4.361;3.992;13.047;325.14;165.54
3.71;11286.00;11010.70;4.359;3.988;13.022;325.21;165.53
3.72;11318.50;11042.40;4.358;3.984;12.997;325.29;165.53
3.73;11350.90;11074.00;4.357;3.980;12.973;325.36;165.53
3.74;11383.40;11105.70;4.356;3.976;12.948;325.43;165.52
3.75;11415.80;11137.40;4.355;3.972;12.924;325.50;165.52
3.76;11448.30;11169.00;4.354;3.968;12.900;325.57;165.52
3.77;11480.70;11200.70;4.353;3.964;12.876;325.64;165.52
3.78;11513.20;11232.40;4.352;3.960;12.852;325.71;165.51
3.79;11545.70;11264.00;4.351;3.956;12.828;325.78;165.51
3.80;11578.10;11295.70;4.349;3.952;12.805;325.85;165.51
3.81;11610.60;11327.40;4.348;3.948;12.781;325.92;165.50
3.82;11643.10;11359.10;4.347;3.944;12.758;325.99;165.50
3.83;11675.50;11390.80;4.346;3.940;12.735;326.06;165.50
3.84;11708.00;11422.50;4.345;3.936;12.712;326.14;165.49
3.85;11740.50;11454.20;4.344;3.932;12.689;326.21;165.49
3.86;11773.00;11485.90;4.343;3.928;12.667;326.28;165.49
3.87;11805.50;11517.60;4.341;3.924;12.644;326.35;165.48
3.88;11838.00;11549.30;4.340;3.920;12.622;326.42;165.48
3.89;11870.50;11581.00;4.339;3.916;12.600;326.49;165.48
3.90;11903.00;11612.70;4.338;3.912;12.578;326.56;165.48
3.91;11935.50;11644.40;4.337;3.908;12.556;326.63;165.47
3.92;11968.00;11676.10;4.336;3.904;12.534;326.70;165.47
3.93;12000.50;11707.80;4.334;3.900;12.512;326.77;165.47
3.94;12033.00;11739.50;4.333;3.896;12.491;326.84;165.46
3.95;12065.50;11771.30;4.332;3.892;12.470;326.91;165.46
3.96;12098.10;11803.00;4.331;3.888;12.448;326.99;165.46
3.97;12130.60;11834.70;4.330;3.884;12.427;327.06;165.45
3.98;12163.10;11866.40;4.328;3.880;12.406;327.13;165.45
3.99;12195.60;11898.20;4.327;3.876;12.386;327.20;165.45
4.00;12228.20;11929.90;4.326;3.872;12.365;327.27;165.44
4.01;12260.70;11961.70;4.325;3.867;12.345;327.32;165.44
4.02;12293.20;11993.40;4.323;3.862;12.324;327.38;165.44
4.03;12325.80;12025.10;4.322;3.857;12.304;327.44;165.44
4.04;12358.30;12056.90;4.321;3.852;12.284;327.49;165.43
4.05;12390.90;12088.60;4.320;3.847;12.264;327.55;165.43
4.06;12423.40;12120.40;4.318;3.843;12.244;327.60;165.43
4.07;12455.90;12152.10;4.317;3.838;12.224;327.66;165.42
4.08;12488.50;12183.90;4.316;3.833;12.205;327.71;165.42
4.09;12521.10;12215.70;4.315;3.828;12.185;327.77;165.41
4.10;12553.60;12247.40;4.313;3.823;12.166;327.82;165.41
4.11;12586.20;12279.20;4.312;3.817;12.147;327.88;165.41
4.12;12618.70;12311.00;4.311;3.812;12.128;327.93;165.40
4.13;12651.30;12342.70;4.309;3.807;12.109;327.99;165.40
4.14;12683.90;12374.50;4.308;3.802;12.090;328.04;165.39
4.15;12716.40;12406.30;4.307;3.797;12.071;328.10;165.39
4.16;12749.00;12438.10;4.305;3.792;12.052;328.15;165.38
4.17;12781.60;12469.80;4.304;3.788;12.034;328.21;165.38
4.18;12814.20;12501.60;4.303;3.783;12.015;328.26;165.37
4.19;12846.70;12533.40;4.301;3.778;11.997;328.32;165.37
4.20;12879.30;12565.20;4.300;3.773;11.979;328.37;165.37
4.21;12911.90;12597.00;4.299;3.768;11.961;328.43;165.36
4.22;12944.50;12628.80;4.297;3.764;11.943;328.50;165.36
4.23;12977.10;12660.60;4.296;3.760;11.925;328.57;165.35
4.24;13009.70;12692.40;4.295;3.756;11.908;328.64;165.35
4.25;13042.30;12724.20;4.293;3.752;11.890;328.71;165.34
4.26;13074.90;12756.00;4.292;3.748;11.873;328.78;165.34
4.27;13107.50;12787.80;4.291;3.744;11.855;328.85;165.33
4.28;13140.10;12819.60;4.289;3.740;11.838;328.92;165.33
4.29;13172.70;12851.40;4.288;3.735;11.821;328.99;165.32
4.30;13205.30;12883.20;4.286;3.731;11.804;329.06;165.32
4.31;13237.90;12915.10;4.285;3.727;11.787;329.13;165.32
4.32;13270.60;12946.90;4.284;3.723;11.770;329.20;165.31
4.33;13303.20;12978.70;4.282;3.719;11.753;329.27;165.31
4.34;13335.80;13010.50;4.281;3.714;11.737;329.33;165.30
4.35;13368.40;13042.40;4.279;3.710;11.720;329.40;165.30
4.36;13401.10;13074.20;4.278;3.706;11.704;329.47;165.29
4.37;13433.70;13106.00;4.277;3.701;11.687;329.53;165.29
4.38;13466.30;13137.90;4.275;3.697;11.671;329.60;165.28
4.39;13499.00;13169.70;4.274;3.693;11.655;329.67;165.28
4.40;13531.60;13201.60;4.272;3.689;11.639;329.73;165.28
4.41;13564.30;13233.40;4.271;3.684;11.623;329.80;165.27
4.42;13596.90;13265.30;4.270;3.680;11.607;329.87;165.27
4.43;13629.60;13297.10;4.268;3.676;11.591;329.94;165.26
4.44;13662.20;13329.00;4.267;3.671;11.575;330.00;165.26
4.45;13694.90;13360.80;4.265;3.667;11.560;330.07;165.25
4.46;13727.50;13392.70;4.264;3.663;11.544;330.13;165.25
4.47;13760.20;13424.60;4.262;3.658;11.529;330.20;165.24
4.48;13792.80;13456.40;4.261;3.654;11.514;330.26;165.24
4.49;13825.50;13488.30;4.260;3.649;11.498;330.33;165.24
4.50;13858.20;13520.20;4.258;3.645;11.483;330.40;165.23
4.51;13890.90;13552.10;4.257;3.640;11.468;330.46;165.23
4.52;13923.50;13583.90;4.255;3.636;11.453;330.53;165.22
4.53;13956.20;13615.80;4.254;3.632;11.439;330.60;165.22
4.54;13988.90;13647.70;4.252;3.627;11.424;330.66;165.21
4.55;14021.60;13679.60;4.251;3.623;11.409;330.73;165.21
4.56;14054.30;13711.50;4.249;3.619;11.394;330.79;165.20
4.57;14087.00;13743.40;4.248;3.614;11.380;330.86;165.20
4.58;14119.70;13775.30;4.246;3.610;11.365;330.92;165.20
4.59;14152.40;13807.20;4.245;3.606;11.351;330.99;165.19
4.60;14185.00;13839.10;4.243;3.601;11.337;331.05;165.19
4.61;14217.80;13871.00;4.242;3.597;11.322;331.12;165.18
4.62;14250.50;13902.90;4.240;3.593;11.308;331.18;165.18
4.63;14283.20;13934.80;4.239;3.589;11.294;331.25;165.17
4.64;14315.90;13966.70;4.237;3.584;11.280;331.31;165.17
4.65;14348.60;13998.60;4.236;3.580;11.266;331.38;165.17
4.66;14381.30;14030.50;4.234;3.576;11.253;331.44;165.16
4.67;14414.00;14062.50;4.233;3.571;11.239;331.51;165.16
4.68;14446.70;14094.40;4.231;3.567;11.225;331.57;165.15
4.69;14479.50;14126.30;4.230;3.563;11.212;331.64;165.15
4.70;14512.20;14158.20;4.228;3.559;11.198;331.70;165.14
4.71;14544.90;14190.20;4.227;3.554;11.185;331.77;165.14
4.72;14577.70;14222.10;4.225;3.550;11.172;331.83;165.13
4.73;14610.40;14254.00;4.224;3.546;11.159;331.90;165.13
4.74;14643.10;14286.00;4.222;3.541;11.145;331.97;165.13
4.75;14675.90;14317.90;4.221;3.537;11.132;332.03;165.12
4.76;14708.60;14349.90;4.219;3.533;11.119;332.10;165.12
4.77;14741.40;14381.80;4.218;3.528;11.106;332.16;165.11
4.78;14774.10;14413.80;4.216;3.524;11.094;332.23;165.11
4.79;14806.90;14445.70;4.215;3.519;11.081;332.29;165.10
4.80;14839.60;14477.70;4.213;3.515;11.068;332.35;165.10
4.81;14872.40;14509.60;4.212;3.511;11.056;332.42;165.09
4.82;14905.10;14541.60;4.210;3.506;11.043;332.48;165.09
4.83;14937.90;14573.50;4.209;3.502;11.031;332.55;165.09
4.84;14970.70;14605.50;4.207;3.498;11.018;332.61;165.08
4.85;15003.40;14637.50;4.206;3.493;11.006;332.68;165.08
4.86;15036.20;14669.50;4.204;3.489;10.994;332.74;165.07
4.87;15069.00;14701.40;4.202;3.485;10.982;332.81;165.07
4.88;15101.70;14733.40;4.201;3.480;10.970;332.87;165.06
4.89;15134.50;14765.40;4.199;3.476;10.958;332.94;165.06
4.90;15167.30;14797.40;4.198;3.471;10.946;333.00;165.05
4.91;15200.10;14829.30;4.196;3.467;10.934;333.07;165.05
4.92;15232.90;14861.30;4.195;3.463;10.922;333.13;165.05
4.93;15265.70;14893.30;4.193;3.458;10.911;333.19;165.04
4.94;15298.50;14925.30;4.192;3.454;10.899;333.26;165.04
4.95;15331.20;14957.30;4.190;3.450;10.887;333.32;165.03
4.96;15364.00;14989.30;4.188;3.445;10.876;333.39;165.03
4.97;15396.80;15021.30;4.187;3.441;10.865;333.45;165.02
4.98;15429.70;15053.30;4.185;3.437;10.853;333.52;165.02
4.99;15462.50;15085.30;4.184;3.432;10.842;333.58;165.02
5.00;15495.30;15117.30;4.182;3.428;10.831;333.65;165.01
5.01;15528.10;15149.30;4.180;3.424;10.820;333.71;165.01
5.02;15560.90;15181.40;4.179;3.419;10.809;333.78;165.00
5.03;15593.70;15213.40;4.177;3.415;10.798;333.84;165.00
5.04;15626.50;15245.40;4.176;3.411;10.787;333.91;164.99
5.05;15659.30;15277.40;4.174;3.406;10.776;333.97;164.99
5.06;15692.20;15309.40;4.173;3.402;10.765;334.04;164.98
5.07;15725.00;15341.50;4.171;3.398;10.754;334.10;164.98
5.08;15757.80;15373.50;4.169;3.393;10.744;334.16;164.98
5.09;15790.70;15405.50;4.168;3.389;10.733;334.23;164.97
5.10;15823.50;15437.60;4.166;3.384;10.723;334.29;164.97
5.11;15856.30;15469.60;4.164;3.380;10.712;334.35;164.96
5.12;15889.20;15501.60;4.163;3.376;10.702;334.41;164.96
5.13;15922.00;15533.70;4.161;3.372;10.691;334.47;164.95
5.14;15954.90;15565.70;4.160;3.367;10.681;334.53;164.95
5.15;15987.70;15597.80;4.158;3.363;10.671;334.59;164.94
5.16;16020.60;15629.80;4.156;3.359;10.660;334.65;164.94
5.17;16053.40;15661.90;4.155;3.354;10.650;334.71;164.94
5.18;16086.30;15693.90;4.153;3.350;10.640;334.77;164.93
5.19;16119.10;15726.00;4.152;3.346;10.630;334.83;164.93
5.20;16152.00;15758.00;4.150;3.341;10.620;334.89;164.92
5.21;16184.90;15790.10;4.148;3.337;10.610;334.95;164.92
5.22;16217.70;15822.20;4.147;3.332;10.601;335.01;164.91
5.23;16250.60;15854.20;4.145;3.328;10.591;335.07;164.91
5.24;16283.50;15886.30;4.143;3.324;10.581;335.13;164.90
5.25;16316.30;15918.40;4.142;3.319;10.571;335.19;164.90
5.26;16349.20;15950.50;4.140;3.315;10.562;335.25;164.90
5.27;16382.10;15982.50;4.138;3.311;10.552;335.31;164.89
5.28;16415.00;16014.60;4.137;3.306;10.543;335.37;164.89
5.29;16447.90;16046.70;4.135;3.302;10.533;335.43;164.88
5.30;16480.80;16078.80;4.134;3.298;10.524;335.49;164.88
5.31;16513.60;16110.90;4.132;3.293;10.515;335.55;164.87
5.32;16546.50;16143.00;4.130;3.289;10.505;335.61;164.87
5.33;16579.40;16175.10;4.129;3.285;10.496;335.67;164.86
5.34;16612.30;16207.20;4.127;3.280;10.487;335.73;164.86
5.35;16645.20;16239.30;4.125;3.276;10.478;335.79;164.85
5.36;16678.10;16271.30;4.124;3.272;10.469;335.85;164.85
5.37;16711.00;16303.50;4.122;3.267;10.460;335.91;164.85
5.38;16743.90;16335.60;4.120;3.263;10.451;335.97;164.84
5.39;16776.90;16367.70;4.119;3.259;10.442;336.03;164.84
5.40;16809.80;16399.80;4.117;3.254;10.434;336.08;164.83
5.41;16842.70;16431.90;4.115;3.249;10.425;336.14;164.83
5.42;16875.60;16464.00;4.114;3.244;10.416;336.20;164.82
5.43;16908.50;16496.10;4.112;3.239;10.407;336.25;164.82
5.44;16941.40;16528.20;4.110;3.233;10.399;336.31;164.81
5.45;16974.40;16560.40;4.109;3.228;10.390;336.37;164.81
5.46;17007.30;16592.50;4.107;3.223;10.382;336.42;164.80
5.47;17040.20;16624.60;4.105;3.218;10.373;336.48;164.80
5.48;17073.20;16656.70;4.103;3.212;10.365;336.54;164.79
5.49;17106.10;16688.90;4.102;3.207;10.357;336.59;164.79
5.50;17139.00;16721.00;4.100;3.202;10.348;336.65;164.78
5.51;17172.00;16753.10;4.098;3.197;10.340;336.71;164.78
5.52;17204.90;16785.30;4.097;3.192;10.332;336.76;164.77
5.53;17237.90;16817.40;4.095;3.186;10.324;336.82;164.77
5.54;17270.80;16849.60;4.093;3.181;10.316;336.87;164.77
5.55;17303.80;16881.70;4.092;3.176;10.308;336.93;164.76
5.56;17336.70;16913.90;4.090;3.171;10.300;336.99;164.76
5.57;17369.70;16946.00;4.088;3.165;10.292;337.04;164.75
5.58;17402.60;16978.20;4.086;3.160;10.284;337.10;164.75
5.59;17435.60;17010.30;4.085;3.155;10.276;337.16;164.74
5.60;17468.50;17042.50;4.083;3.150;10.268;337.21;164.74
5.61;17501.50;17074.60;4.081;3.144;10.260;337.27;164.73
5.62;17534.50;17106.80;4.079;3.139;10.253;337.33;164.73
5.63;17567.40;17139.00;4.078;3.134;10.245;337.39;164.72
5.64;17600.40;17171.10;4.076;3.128;10.237;337.45;164.72
5.65;17633.40;17203.30;4.074;3.123;10.230;337.51;164.72
5.66;17666.40;17235.50;4.072;3.118;10.222;337.57;164.71
5.67;17699.30;17267.70;4.071;3.112;10.215;337.63;164.71
5.68;17732.30;17299.80;4.069;3.107;10.207;337.69;164.70
5.69;17765.30;17332.00;4.067;3.102;10.200;337.74;164.70
5.70;17798.30;17364.20;4.065;3.096;10.192;337.80;164.70
5.71;17831.30;17396.40;4.064;3.091;10.185;337.86;164.69
5.72;17864.30;17428.60;4.062;3.086;10.178;337.92;164.69
5.73;17897.30;17460.80;4.060;3.081;10.170;337.98;164.68
5.74;17930.30;17492.90;4.058;3.075;10.163;338.04;164.68
5.75;17963.30;17525.10;4.056;3.070;10.156;338.09;164.67
5.76;17996.30;17557.30;4.055;3.065;10.149;338.15;164.67
5.77;18029.30;17589.50;4.053;3.059;10.142;338.21;164.67
5.78;18062.30;17621.70;4.051;3.054;10.135;338.27;164.66
5.79;18095.30;17653.90;4.049;3.049;10.128;338.33;164.66
5.80;18128.30;17686.10;4.047;3.043;10.121;338.39;164.65
5.81;18161.30;17718.40;4.046;3.038;10.114;338.44;164.65
5.82;18194.30;17750.60;4.044;3.033;10.107;338.50;164.64
5.83;18227.30;17782.80;4.042;3.028;10.100;338.56;164.64
5.84;18260.40;17815.00;4.040;3.022;10.093;338.62;164.64
5.85;18293.40;17847.20;4.038;3.017;10.086;338.68;164.63
5.86;18326.40;17879.40;4.037;3.012;10.080;338.74;164.63
5.87;18359.40;17911.70;4.035;3.006;10.073;338.79;164.62
5.88;18392.50;17943.90;4.033;3.001;10.066;338.85;164.62
5.89;18425.50;17976.10;4.031;2.996;10.060;338.91;164.61
5.90;18458.50;18008.30;4.029;2.991;10.053;338.97;164.61
5.91;18491.60;18040.60;4.027;2.986;10.047;339.02;164.61
5.92;18524.60;18072.80;4.026;2.981;10.040;339.08;164.60
5.93;18557.70;18105.00;4.024;2.975;10.034;339.14;164.60
5.94;18590.70;18137.30;4.022;2.970;10.027;339.19;164.59
5.95;18623.80;18169.50;4.020;2.965;10.021;339.25;164.59
5.96;18656.80;18201.80;4.018;2.960;10.015;339.31;164.59
5.97;18689.90;18234.00;4.016;2.955;10.008;339.37;164.58
5.98;18722.90;18266.30;4.015;2.950;10.002;339.42;164.58
5.99;18756.00;18298.50;4.013;2.944;9.996;339.48;164.57
6.00;18789.00;18330.80;4.011;2.939;9.990;339.54;164.57
6.01;18822.10;18363.00;4.009;2.934;9.984;339.59;164.56
6.02;18855.20;18395.30;4.007;2.929;9.978;339.65;164.56
6.03;18888.20;18427.50;4.005;2.924;9.972;339.71;164.56
6.04;18921.30;18459.80;4.003;2.919;9.966;339.76;164.55
6.05;18954.30;18492.00;4.001;2.914;9.960;339.82;164.55
6.06;18987.40;18524.30;4.000;2.908;9.954;339.88;164.54
6.07;19020.50;18556.60;3.998;2.903;9.948;339.94;164.54
6.08;19053.60;18588.90;3.996;2.898;9.942;339.94;164.54
6.09;19086.70;18621.10;3.994;2.892;9.936;339.94;164.54
6.10;19119.70;18653.40;3.992;2.887;9.930;339.94;164.54
6.11;19152.80;18685.70;3.990;2.882;9.925;339.94;164.54
6.12;19185.90;18718.00;3.988;2.876;9.919;339.94;164.54
6.13;19219.00;18750.20;3.986;2.871;9.913;339.94;164.54
6.14;19252.10;18782.50;3.985;2.866;9.908;339.94;164.54
6.15;19285.20;18814.80;3.983;2.860;9.902;339.94;164.54
6.16;19318.30;18847.10;3.981;2.855;9.897;339.94;164.54
6.17;19351.40;18879.40;3.979;2.850;9.891;339.94;164.54
6.18;19384.50;18911.70;3.977;2.844;9.886;339.94;164.54
6.19;19417.60;18944.00;3.975;2.839;9.880;339.94;164.54
6.20;19450.70;18976.30;3.973;2.834;9.875;339.94;164.54
6.21;19483.80;19008.60;3.971;2.861;9.869;339.94;164.54
6.22;19516.90;19040.90;3.969;2.856;9.864;339.94;164.54
6.23;19550.00;19073.20;3.968;2.850;9.859;339.94;164.54
6.24;19583.10;19105.50;3.966;2.845;9.853;339.94;164.54
6.25;19616.20;19137.80;3.964;2.840;9.848;339.94;164.54
6.26;19649.30;19170.10;3.962;2.834;9.843;339.94;164.54
6.27;19682.40;19202.40;3.960;2.829;9.838;339.94;164.54
6.28;19715.50;19234.70;3.958;2.823;9.833;339.94;164.54
6.29;19748.70;19267.00;3.956;2.818;9.828;339.94;164.54
6.30;19781.80;19299.30;3.954;2.812;9.823;339.94;164.54
6.31;19814.90;19331.60;3.953;2.807;9.818;339.94;164.54
6.32;19848.00;19363.90;3.951;2.801;9.813;339.94;164.54
6.33;19881.20;19396.30;3.949;2.796;9.808;339.94;164.54
6.34;19914.30;19428.60;3.947;2.790;9.803;339.94;164.54
6.35;19947.40;19460.90;3.945;2.784;9.798;339.94;164.54
6.36;19980.60;19493.30;3.943;2.779;9.793;339.94;164.54
6.37;20013.70;19525.60;3.941;2.773;9.788;339.94;164.54
6.38;20046.90;19557.90;3.939;2.767;9.783;339.94;164.54
6.39;20080.00;19590.30;3.937;2.762;9.779;339.94;164.54
6.40;20113.20;19622.60;3.935;2.756;9.774;339.94;164.54
6.41;20146.40;19655.00;3.933;2.750;9.769;339.94;164.54
6.42;20179.50;19687.30;3.931;2.744;9.765;339.94;164.54
6.43;20212.70;19719.70;3.929;2.738;9.760;339.94;164.54
6.44;20245.80;19752.00;3.927;2.732;9.755;339.94;164.54
6.45;20279.00;19784.40;3.925;2.726;9.751;339.94;164.54
6.46;20312.20;19816.80;3.923;2.720;9.746;339.94;164.54
6.47;20345.40;19849.10;3.921;2.714;9.742;339.94;164.54
6.48;20378.50;19881.50;3.919;2.708;9.737;339.94;164.54
6.49;20411.70;19913.90;3.917;2.701;9.733;339.94;164.54
6.50;20444.90;19946.30;3.915;2.695;9.729;339.94;164.54
6.51;20478.10;19978.60;3.913;2.689;9.724;339.94;164.54
6.52;20511.30;20011.00;3.911;2.683;9.720;339.94;164.54
6.53;20544.50;20043.40;3.909;2.677;9.716;339.94;164.54
6.54;20577.70;20075.80;3.907;2.671;9.711;339.94;164.54
6.55;20610.90;20108.20;3.905;2.665;9.707;339.94;164.54
6.56;20644.10;20140.50;3.903;2.658;9.703;339.94;164.54
6.57;20677.30;20172.90;3.901;2.652;9.699;339.94;164.54
6.58;20710.50;20205.30;3.899;2.645;9.695;339.94;164.54
6.59;20743.70;20237.70;3.897;2.639;9.691;339.94;164.54
6.60;20776.90;20270.10;3.895;2.632;9.686;339.94;164.54
6.61;20810.10;20302.50;3.893;2.626;9.682;339.94;164.54
6.62;20843.30;20334.90;3.891;2.619;9.678;339.94;164.54
6.63;20876.50;20367.40;3.889;2.613;9.674;339.94;164.54
6.64;20909.80;20399.80;3.887;2.606;9.670;339.94;164.54
6.65;20943.00;20432.20;3.885;2.600;9.667;339.94;164.54
6.66;20976.20;20464.60;3.883;2.593;9.663;339.94;164.54
6.67;21009.50;20497.00;3.881;2.587;9.659;339.94;164.54
6.68;21042.70;20529.40;3.879;2.580;9.655;339.94;164.54
6.69;21075.90;20561.90;3.877;2.574;9.651;339.94;164.54
6.70;21109.20;20594.30;3.874;2.567;9.647;339.94;164.54
6.71;21142.40;20626.70;3.872;2.561;9.644;339.94;164.54
6.72;21175.70;20659.20;3.870;2.554;9.640;339.94;164.54
6.73;21208.90;20691.60;3.868;2.548;9.636;339.94;164.54
6.74;21242.20;20724.10;3.866;2.541;9.632;339.94;164.54
6.75;21275.40;20756.50;3.864;2.535;9.629;339.94;164.54
6.76;21308.70;20788.90;3.862;2.528;9.625;339.94;164.54
6.77;21341.90;20821.40;3.860;2.522;9.622;339.94;164.54
6.78;21375.20;20853.80;3.858;2.515;9.618;339.94;164.54
6.79;21408.50;20886.30;3.856;2.509;9.615;339.94;164.54
6.80;21441.70;20918.80;3.853;2.503;9.611;339.94;164.54
6.81;21475.00;20951.20;3.851;2.496;9.608;339.94;164.54
6.82;21508.30;20983.70;3.849;2.490;9.604;339.94;164.54
6.83;21541.60;21016.20;3.847;2.483;9.601;339.94;164.54
6.84;21574.80;21048.60;3.845;2.477;9.597;339.94;164.54
6.85;21608.10;21081.10;3.843;2.470;9.594;339.94;164.54
6.86;21641.40;21113.60;3.841;2.464;9.591;339.94;164.54
6.87;21674.70;21146.10;3.839;2.457;9.587;339.94;164.54
6.88;21708.00;21178.50;3.836;2.451;9.584;339.94;164.54
6.89;21741.30;21211.00;3.834;2.444;9.581;339.94;164.54
6.90;21774.60;21243.50;3.832;2.437;9.577;339.94;164.54
6.91;21807.90;21276.00;3.830;2.431;9.574;339.94;164.54
6.92;21841.20;21308.50;3.828;2.424;9.571;339.94;164.54
6.93;21874.50;21341.00;3.826;2.417;9.568;339.94;164.54
6.94;21907.80;21373.50;3.823;2.410;9.565;339.94;164.54
6.95;21941.10;21406.00;3.821;2.403;9.562;339.94;164.54
6.96;21974.40;21438.50;3.819;2.396;9.559;339.94;164.54
6.97;22007.80;21471.00;3.817;2.389;9.555;339.94;164.54
6.98;22041.10;21503.50;3.815;2.382;9.552;339.94;164.54
6.99;22074.40;21536.00;3.812;2.374;9.549;339.94;164.54
7.00;22107.70;21568.50;3.810;2.367;9.546;339.94;164.54
7.01;22141.10;21601.10;3.808;2.360;9.543;346.08;164.42
7.02;22174.40;21633.60;3.806;2.353;9.541;346.17;164.42
7.03;22207.80;21666.10;3.804;2.345;9.538;346.26;164.42
7.04;22241.10;21698.60;3.801;2.338;9.535;346.35;164.42
7.05;22274.40;21731.20;3.799;2.331;9.532;346.44;164.42
7.06;22307.80;21763.70;3.797;2.323;9.529;346.52;164.42
7.07;22341.10;21796.20;3.795;2.316;9.526;346.61;164.42
7.08;22374.50;21828.80;3.793;2.309;9.523;346.70;164.42
7.09;22407.90;21861.30;3.790;2.301;9.521;346.79;164.42
7.10;22441.20;21893.90;3.788;2.294;9.518;346.87;164.42
7.11;22474.60;21926.40;3.786;2.286;9.515;346.96;164.42
7.12;22508.00;21959.00;3.783;2.279;9.512;347.05;164.42
7.13;22541.40;21991.60;3.781;2.272;9.510;347.14;164.43
7.14;22574.70;22024.10;3.779;2.264;9.507;347.23;164.44
7.15;22608.10;22056.70;3.776;2.257;9.504;347.32;164.44
7.16;22641.50;22089.30;3.774;2.249;9.502;347.41;164.45
7.17;22674.90;22121.80;3.772;2.242;9.499;347.49;164.46
7.18;22708.20;22154.40;3.770;2.235;9.497;347.58;164.46
7.19;22741.60;22186.90;3.768;2.228;9.494;347.67;164.47
7.20;22775.00;22219.50;3.765;2.220;9.492;347.76;164.48
7.21;22808.40;22252.10;3.763;2.213;9.489;347.84;164.48
7.22;22841.80;22284.70;3.761;2.205;9.487;347.93;164.49
7.23;22875.20;22317.20;3.758;2.198;9.484;348.01;164.50
7.24;22908.50;22349.80;3.756;2.190;9.482;348.09;164.51
7.25;22941.90;22382.40;3.754;2.183;9.479;348.17;164.51
7.26;22975.30;22415.00;3.752;2.175;9.477;348.26;164.52
7.27;23008.70;22447.50;3.749;2.168;9.475;348.34;164.53
7.28;23042.10;22480.10;3.747;2.160;9.472;348.42;164.54
7.29;23075.50;22512.70;3.745;2.153;9.470;348.50;164.54
7.30;23108.90;22545.30;3.742;2.145;9.468;348.58;164.55
7.31;23142.40;22577.90;3.740;2.135;9.465;348.66;164.56
7.32;23175.80;22610.50;3.738;2.126;9.463;348.74;164.57
7.33;23209.20;22643.10;3.736;2.118;9.461;348.85;164.57
7.34;23242.60;22675.70;3.733;2.110;9.459;348.95;164.58
7.35;23276.00;22708.30;3.731;2.102;9.456;349.05;164.59
7.36;23309.50;22740.90;3.728;2.094;9.454;349.16;164.60
7.37;23342.90;22773.50;3.726;2.086;9.452;349.26;164.60
7.38;23376.30;22806.20;3.724;2.078;9.450;349.36;164.61
7.39;23409.80;22838.80;3.721;2.070;9.448;349.46;164.62
7.40;23443.20;22871.40;3.719;2.062;9.446;349.57;164.63
7.41;23476.60;22904.00;3.717;2.055;9.443;349.67;164.63
7.42;23510.10;22936.70;3.714;2.047;9.441;349.77;164.64
7.43;23543.50;22969.30;3.712;2.039;9.439;349.88;164.65
7.44;23577.00;23001.90;3.710;2.030;9.437;349.99;164.66
7.45;23610.50;23034.60;3.707;2.022;9.435;350.09;164.66
7.46;23643.90;23067.20;3.705;2.014;9.433;350.21;164.67
7.47;23677.40;23099.90;3.702;2.005;9.431;350.32;164.68
7.48;23710.80;23132.50;3.700;1.996;9.429;350.44;164.68
7.49;23744.30;23165.20;3.698;1.987;9.427;350.56;164.69
7.50;23777.80;23197.90;3.695;1.978;9.426;350.67;164.70
7.51;23811.30;23230.50;3.693;1.970;9.424;350.79;164.72
7.52;23844.80;23263.20;3.690;1.961;9.422;350.91;164.74
7.53;23878.30;23295.90;3.688;1.952;9.420;351.03;164.77
7.54;23911.80;23328.50;3.685;1.943;9.418;351.15;164.79
7.55;23945.30;23361.20;3.683;1.934;9.416;351.27;164.82
7.56;23978.80;23393.90;3.681;1.925;9.414;351.39;164.84
7.57;24012.30;23426.60;3.678;1.916;9.413;351.51;164.87
7.58;24045.80;23459.30;3.676;1.907;9.411;351.63;164.89
7.59;24079.30;23492.00;3.673;1.898;9.409;351.75;164.92
7.60;24112.80;23524.70;3.671;1.889;9.407;351.87;164.94
7.61;24146.30;23557.40;3.668;1.880;9.406;351.99;164.97
7.62;24179.90;23590.10;3.666;1.871;9.404;352.11;164.99
7.63;24213.40;23622.80;3.663;1.862;9.402;352.24;165.02
7.64;24246.90;23655.50;3.661;1.853;9.401;352.36;165.04
7.65;24280.50;23688.30;3.658;1.843;9.399;352.48;165.07
7.66;24314.00;23721.00;3.656;1.834;9.398;352.61;165.09
7.67;24347.60;23753.70;3.653;1.825;9.396;352.73;165.12
7.68;24381.10;23786.40;3.651;1.816;9.394;352.85;165.14
7.69;24414.70;23819.20;3.648;1.806;9.393;352.98;165.17
7.70;24448.20;23851.90;3.646;1.797;9.391;353.10;165.19
7.71;24481.80;23884.70;3.643;1.788;9.390;353.23;165.22
7.72;24515.40;23917.40;3.640;1.778;9.388;353.35;165.24
7.73;24548.90;23950.20;3.638;1.769;9.387;353.48;165.26
7.74;24582.50;23983.00;3.635;1.760;9.386;353.61;165.29
7.75;24616.10;24015.70;3.633;1.750;9.384;353.74;165.31
7.76;24649.70;24048.50;3.630;1.740;9.383;353.87;165.34
7.77;24683.30;24081.30;3.628;1.730;9.381;354.00;165.37
7.78;24716.90;24114.00;3.625;1.720;9.380;354.14;165.40
7.79;24750.50;24146.80;3.622;1.710;9.379;354.28;165.44
7.80;24784.10;24179.60;3.620;1.700;9.377;354.42;165.47
7.81;24817.70;24212.40;3.617;1.689;9.376;354.57;165.50
7.82;24851.30;24245.20;3.615;1.678;9.375;354.72;165.54
7.83;24885.00;24278.00;3.612;1.666;9.373;354.89;165.57
7.84;24918.60;24310.80;3.609;1.655;9.372;355.05;165.61
7.85;24952.20;24343.60;3.607;1.643;9.371;355.21;165.64
7.86;24985.90;24376.40;3.604;1.632;9.370;355.37;165.68
7.87;25019.50;24409.30;3.601;1.620;9.368;355.54;165.71
7.88;25053.20;24442.10;3.599;1.608;9.367;355.70;165.75
7.89;25086.80;24474.90;3.596;1.596;9.366;355.87;165.78
7.90;25120.50;24507.80;3.593;1.585;9.365;356.03;165.81
7.91;25154.10;24540.60;3.591;1.640;9.364;355.03;165.85
7.92;25187.80;24573.40;3.588;1.628;9.363;355.20;165.88
7.93;25221.40;24606.30;3.585;1.616;9.362;355.37;165.92
7.94;25255.10;24639.10;3.583;1.604;9.361;355.53;165.95
7.95;25288.70;24671.90;3.580;1.592;9.359;355.70;165.99
7.96;25322.40;24704.80;3.577;1.580;9.358;355.88;166.02
7.97;25356.10;24737.60;3.575;1.568;9.357;356.05;166.05
7.98;25389.80;24770.50;3.572;1.556;9.356;356.22;166.09
7.99;25423.40;24803.40;3.569;1.544;9.355;356.39;166.12
8.00;25457.10;24836.20;3.566;1.532;9.354;356.56;166.16
8.01;25490.80;24869.10;3.564;1.519;9.354;356.74;166.19
8.02;25524.50;24902.00;3.561;1.507;9.353;356.91;166.23
8.03;25558.30;24934.90;3.558;1.495;9.352;357.09;166.26
8.04;25592.00;24967.80;3.555;1.482;9.351;357.27;166.30
8.05;25625.70;25000.70;3.553;1.470;9.350;357.44;166.33
8.06;25659.40;25033.60;3.550;1.458;9.349;357.62;166.36
8.07;25693.20;25066.50;3.547;1.445;9.348;357.79;166.40
8.08;25726.90;25099.40;3.544;1.433;9.347;357.97;166.43
8.09;25760.60;25132.30;3.541;1.421;9.346;358.15;166.47
8.10;25794.40;25165.30;3.539;1.408;9.346;358.33;166.50
8.11;25828.20;25198.20;3.536;1.396;9.345;358.51;166.54
8.12;25861.90;25231.10;3.533;1.383;9.344;358.70;166.57
8.13;25895.70;25264.10;3.530;1.370;9.343;358.88;166.60
8.14;25929.50;25297.10;3.527;1.357;9.343;359.07;166.64
8.15;25963.30;25330.00;3.524;1.344;9.342;359.26;166.68
8.16;25997.00;25363.00;3.521;1.332;9.341;359.44;166.71
8.17;26030.80;25395.90;3.518;1.319;9.341;359.63;166.75
8.18;26064.70;25428.90;3.516;1.306;9.340;359.82;166.78
8.19;26098.50;25461.90;3.513;1.293;9.339;360.01;166.82
8.20;26132.30;25494.90;3.510;1.280;9.339;360.20;166.86
8.21;26166.10;25527.90;3.507;1.266;9.338;360.40;166.89
8.22;26199.90;25560.90;3.504;1.253;9.338;360.60;166.93
8.23;26233.80;25593.90;3.501;1.239;9.337;360.79;166.97
8.24;26267.60;25626.90;3.498;1.226;9.336;360.99;167.00
8.25;26301.50;25660.00;3.495;1.212;9.336;361.19;167.04
8.26;26335.30;25693.00;3.492;1.198;9.335;361.39;167.08
8.27;26369.20;25726.00;3.489;1.185;9.335;361.60;167.11
8.28;26403.10;25759.10;3.486;1.171;9.334;361.80;167.15
8.29;26436.90;25792.10;3.483;1.157;9.334;362.00;167.19
8.30;26470.80;25825.20;3.480;1.143;9.334;362.21;167.22
8.31;26504.70;25858.30;3.476;1.129;9.333;362.41;167.26
8.32;26538.60;25891.30;3.473;1.115;9.333;362.62;167.30
8.33;26572.50;25924.40;3.470;1.101;9.332;362.82;167.33
8.34;26606.40;25957.50;3.467;1.088;9.332;363.03;167.37
8.35;26640.40;25990.60;3.464;1.073;9.332;363.24;167.41
8.36;26674.30;26023.70;3.461;1.059;9.331;363.44;167.44
8.37;26708.20;26056.80;3.458;1.047;9.331;363.63;167.48
8.38;26742.10;26089.90;3.455;1.034;9.331;363.81;167.51
8.39;26776.00;26122.90;3.452;1.022;9.330;363.99;167.55
8.40;26809.90;26156.00;3.449;1.010;9.330;364.17;167.59
8.41;26843.90;26189.10;3.445;0.998;9.330;364.35;167.62
8.42;26877.80;26222.20;3.442;0.986;9.329;364.53;167.66
8.43;26911.70;26255.40;3.439;0.974;9.329;364.71;167.70
8.44;26945.70;26288.50;3.436;0.961;9.329;364.89;167.73
8.45;26979.60;26321.60;3.433;0.949;9.329;365.07;167.77
8.46;27013.60;26354.70;3.430;0.937;9.329;365.25;167.81
8.47;27047.50;26387.80;3.427;0.925;9.328;365.43;167.84
8.48;27081.50;26421.00;3.424;0.913;9.328;365.61;167.88
8.49;27115.50;26454.10;3.420;0.901;9.328;365.79;167.92
8.50;27149.40;26487.30;3.417;0.889;9.328;365.97;167.95
8.51;27183.40;26520.40;3.414;0.875;9.328;366.17;167.99
8.52;27217.40;26553.60;3.411;0.860;9.328;366.41;168.03
8.53;27251.40;26586.70;3.408;0.844;9.328;366.64;168.06
8.54;27285.40;26619.90;3.405;0.829;9.327;366.88;168.10
8.55;27319.40;26653.10;3.401;0.813;9.327;367.12;168.14
8.56;27353.40;26686.30;3.398;0.798;9.327;367.36;168.17
8.57;27387.50;26719.50;3.395;0.782;9.327;367.60;168.21
8.58;27421.50;26752.70;3.392;0.767;9.327;367.84;168.25
8.59;27455.50;26785.90;3.388;0.751;9.327;368.08;168.28
8.60;27489.60;26819.10;3.385;0.735;9.327;368.33;168.32
8.61;27523.60;26852.30;3.382;0.720;9.327;368.57;168.35
8.62;27557.70;26885.60;3.378;0.705;9.327;368.81;168.39
8.63;27591.80;26918.80;3.375;0.689;9.327;369.05;168.43
8.64;27625.80;26952.00;3.372;0.674;9.327;369.29;168.46
8.65;27659.90;26985.30;3.369;0.658;9.328;369.53;168.50
8.66;27694.00;27018.60;3.365;0.643;9.328;369.77;168.54
8.67;27728.10;27051.80;3.362;0.628;9.328;370.00;168.57
8.68;27762.20;27085.10;3.358;0.613;9.328;370.24;168.61
8.69;27796.30;27118.40;3.355;0.598;9.328;370.48;168.65
8.70;27830.40;27151.70;3.352;0.583;9.328;370.72;168.68
8.71;27864.60;27185.00;3.348;0.567;9.328;370.96;168.72
8.72;27898.70;27218.30;3.345;0.552;9.328;371.19;168.76
8.73;27932.90;27251.60;3.341;0.538;9.328;371.42;168.79
8.74;27967.00;27284.90;3.338;0.523;9.329;371.65;168.83
8.75;28001.20;27318.20;3.335;0.509;9.329;371.87;168.87
8.76;28035.30;27351.50;3.331;0.494;9.329;372.10;168.90
8.77;28069.50;27384.90;3.328;0.479;9.329;372.33;168.94
8.78;28103.70;27418.20;3.324;0.465;9.329;372.56;168.98
8.79;28137.80;27451.60;3.321;0.450;9.330;372.80;169.01
8.80;28172.00;27484.90;3.317;0.435;9.330;373.03;169.05
8.81;28206.20;27518.30;3.314;0.420;9.330;373.26;169.08
8.82;28240.40;27551.70;3.310;0.406;9.330;373.49;169.12
8.83;28274.70;27585.00;3.306;0.391;9.331;373.73;169.16
8.84;28308.90;27618.40;3.303;0.376;9.331;373.96;169.19
8.85;28343.10;27651.80;3.299;0.361;9.331;374.20;169.23
8.86;28377.30;27685.20;3.296;0.346;9.332;374.44;169.27
8.87;28411.60;27718.60;3.292;0.331;9.332;374.67;169.30
8.88;28445.80;27752.00;3.289;0.316;9.332;374.91;169.34
8.89;28480.10;27785.50;3.285;0.300;9.333;375.15;169.38
8.90;28514.40;27818.90;3.281;0.285;9.333;375.39;169.41
8.91;28548.60;27852.30;3.278;0.270;9.334;375.63;169.45
8.92;28582.90;27885.80;3.274;0.255;9.334;375.87;169.49
8.93;28617.20;27919.20;3.270;0.240;9.334;376.11;169.52
8.94;28651.50;27952.70;3.267;0.225;9.335;376.35;169.56
8.95;28685.80;27986.10;3.263;0.209;9.335;376.59;169.60
8.96;28720.10;28019.60;3.259;0.194;9.336;376.83;169.63
8.97;28754.40;28053.10;3.256;0.179;9.336;377.07;169.67
8.98;28788.80;28086.60;3.252;0.163;9.337;377.32;169.71
8.99;28823.10;28120.10;3.248;0.148;9.337;377.56;169.74
9.00;28857.40;28153.60;3.245;0.132;9.338;377.81;169.78
9.01;28891.80;28187.10;3.241;0.119;9.338;378.02;169.81
9.02;28926.10;28220.60;3.237;0.106;9.339;378.24;169.85
9.03;28960.50;28254.10;3.233;0.093;9.339;378.46;169.89
9.04;28994.90;28287.70;3.230;0.080;9.340;378.67;169.92
9.05;29029.20;28321.20;3.226;0.067;9.340;378.89;169.96
9.06;29063.60;28354.80;3.222;0.054;9.341;379.11;170.00
9.07;29098.00;28388.30;3.218;0.041;9.341;379.33;170.03
9.08;29132.40;28421.90;3.214;0.027;9.342;379.55;170.07
9.09;29166.80;28455.40;3.210;0.014;9.342;379.77;170.11
9.10;29201.20;28489.00;3.207;0.001;9.343;379.99;170.14
9.11;29235.70;28522.60;3.203;-0.012;9.344;380.21;170.18
9.12;29270.10;28556.20;3.199;-0.026;9.344;380.43;170.21
9.13;29304.50;28589.80;3.195;-0.039;9.345;380.66;170.24
9.14;29339.00;28623.40;3.191;-0.053;9.345;380.89;170.26
9.15;29373.40;28657.00;3.187;-0.067;9.346;381.12;170.29
9.16;29407.80;28690.60;3.184;-0.080;9.347;381.35;170.31
9.17;29442.30;28724.20;3.180;-0.094;9.347;381.57;170.34
9.18;29476.80;28757.80;3.176;-0.108;9.348;381.80;170.36
9.19;29511.20;28791.50;3.172;-0.122;9.349;382.03;170.38
9.20;29545.70;28825.10;3.168;-0.135;9.349;382.27;170.41
9.21;29580.20;28858.70;3.164;-0.149;9.350;382.50;170.43
9.22;29614.70;28892.40;3.160;-0.163;9.351;382.73;170.46
9.23;29649.20;28926.00;3.156;-0.177;9.352;382.96;170.49
9.24;29683.70;28959.70;3.152;-0.191;9.352;383.20;170.51
9.25;29718.20;28993.40;3.148;-0.205;9.353;383.43;170.54
9.26;29752.70;29027.00;3.144;-0.219;9.354;383.66;170.56
9.27;29787.20;29060.70;3.141;-0.233;9.355;383.90;170.59
9.28;29821.80;29094.40;3.137;-0.247;9.355;384.13;170.62
9.29;29856.30;29128.10;3.133;-0.261;9.356;384.37;170.64
9.30;29890.90;29161.80;3.129;-0.275;9.357;384.61;170.67
9.31;29925.40;29195.50;3.125;-0.287;9.358;384.81;170.69
9.32;29960.00;29229.30;3.121;-0.305;9.359;385.11;170.72
9.33;29994.60;29263.00;3.117;-0.323;9.360;385.41;170.74
9.34;30029.20;29296.70;3.113;-0.339;9.361;385.69;170.76
9.35;30063.70;29330.50;3.109;-0.354;9.361;385.93;170.77
9.36;30098.30;29364.20;3.105;-0.368;9.362;386.18;170.78
9.37;30132.90;29397.90;3.101;-0.383;9.363;386.43;170.79
9.38;30167.50;29431.70;3.097;-0.398;9.364;386.68;170.81
9.39;30202.10;29465.40;3.093;-0.413;9.365;386.93;170.82
9.40;30236.70;29499.20;3.089;-0.428;9.366;387.18;170.84
9.41;30271.30;29533.00;3.085;-0.442;9.367;387.43;170.85
9.42;30305.90;29566.70;3.081;-0.457;9.368;387.68;170.86
9.43;30340.50;29600.50;3.076;-0.471;9.369;387.92;170.88
9.44;30375.20;29634.30;3.072;-0.485;9.370;388.16;170.89
9.45;30409.80;29668.10;3.068;-0.500;9.371;388.40;170.91
9.46;30444.50;29701.90;3.064;-0.514;9.372;388.64;170.92
9.47;30479.10;29735.70;3.060;-0.528;9.373;388.88;170.93
9.48;30513.80;29769.50;3.056;-0.542;9.374;389.12;170.94
9.49;30548.40;29803.40;3.052;-0.556;9.375;389.36;170.95
9.50;30583.10;29837.20;3.048;-0.570;9.376;389.61;170.96
9.51;30617.80;29871.00;3.044;-0.584;9.377;389.85;170.97
9.52;30652.50;29904.90;3.040;-0.598;9.378;390.10;170.98
9.53;30687.20;29938.70;3.036;-0.612;9.379;390.34;170.99
9.54;30721.90;29972.60;3.031;-0.626;9.380;390.58;171.01
9.55;30756.60;30006.40;3.027;-0.640;9.381;390.83;171.02
9.56;30791.30;30040.30;3.023;-0.652;9.382;391.04;171.02
9.57;30826.10;30074.20;3.019;-0.664;9.383;391.24;171.03
9.58;30860.80;30108.10;3.015;-0.675;9.384;391.45;171.04
9.59;30895.50;30142.00;3.011;-0.687;9.385;391.66;171.04
9.60;30930.30;30175.90;3.007;-0.698;9.386;391.86;171.05
9.61;30965.00;30209.80;3.002;-0.710;9.387;392.07;171.06
9.62;30999.80;30243.70;2.998;-0.722;9.388;392.28;171.06
9.63;31034.50;30277.60;2.994;-0.734;9.389;392.48;171.07
9.64;31069.30;30311.50;2.990;-0.745;9.390;392.69;171.08
9.65;31104.10;30345.40;2.986;-0.757;9.391;392.90;171.08
9.66;31138.80;30379.40;2.982;-0.769;9.392;393.11;171.09
9.67;31173.60;30413.30;2.977;-0.780;9.393;393.32;171.10
9.68;31208.40;30447.20;2.973;-0.792;9.395;393.52;171.11
9.69;31243.20;30481.20;2.969;-0.804;9.396;393.73;171.11
9.70;31278.00;30515.10;2.965;-0.816;9.397;393.94;171.12
9.71;31312.80;30549.10;2.961;-0.827;9.398;394.15;171.13
9.72;31347.70;30583.10;2.956;-0.839;9.399;394.36;171.13
9.73;31382.50;30617.00;2.952;-0.851;9.400;394.57;171.14
9.74;31417.30;30651.00;2.948;-0.863;9.401;394.78;171.15
9.75;31452.10;30685.00;2.944;-0.875;9.402;394.99;171.15
9.76;31487.00;30719.00;2.939;-0.886;9.404;395.20;171.16
9.77;31521.80;30753.00;2.935;-0.898;9.405;395.40;171.17
9.78;31556.70;30787.00;2.931;-0.909;9.406;395.60;171.17
9.79;31591.50;30821.00;2.927;-0.921;9.407;395.81;171.18
9.80;31626.40;30855.00;2.923;-0.932;9.408;396.01;171.19
9.81;31661.30;30889.00;2.918;-0.944;9.410;396.22;171.20
9.82;31696.10;30923.10;2.914;-0.955;9.411;396.42;171.20
9.83;31731.00;30957.10;2.910;-0.967;9.412;396.63;171.21
9.84;31765.90;30991.10;2.905;-0.979;9.413;396.83;171.22
9.85;31800.80;31025.20;2.901;-0.990;9.415;397.04;171.23
9.86;31835.70;31059.20;2.897;-1.002;9.416;397.24;171.23
9.87;31870.60;31093.30;2.893;-1.013;9.417;397.45;171.24
9.88;31905.50;31127.30;2.888;-1.025;9.418;397.66;171.25
9.89;31940.40;31161.40;2.884;-1.036;9.420;397.86;171.26
9.90;31975.40;31195.50;2.880;-1.048;9.421;398.07;171.26
9.91;32010.30;31229.60;2.876;-1.060;9.422;398.27;171.27
9.92;32045.20;31263.70;2.871;-1.071;9.424;398.48;171.28
9.93;32080.20;31297.70;2.867;-1.083;9.425;398.69;171.29
9.94;32115.10;31331.80;2.863;-1.094;9.426;398.90;171.30
9.95;32150.10;31365.90;2.858;-1.106;9.428;399.10;171.30
9.96;32185.00;31400.00;2.854;-1.117;9.429;399.31;171.31
9.97;32220.00;31434.20;2.850;-1.129;9.430;399.52;171.32
9.98;32255.00;31468.30;2.845;-1.141;9.432;399.73;171.33
9.99;32290.00;31502.40;2.841;-1.152;9.433;399.94;171.33
10.00;32324.90;31536.50;2.837;-1.164;9.435;400.14;171.34
10.01;32359.90;31570.70;2.832;-1.175;9.436;400.35;171.35
10.02;32394.90;31604.80;2.828;-1.187;9.437;400.56;171.36
10.03;32429.90;31639.00;2.824;-1.198;9.439;400.77;171.36
10.04;32464.90;31673.10;2.819;-1.209;9.440;400.97;171.37
10.05;32500.00;31707.30;2.815;-1.220;9.442;401.17;171.38
10.06;32535.00;31741.50;2.811;-1.231;9.443;401.38;171.39
10.07;32570.00;31775.60;2.806;-1.241;9.445;401.58;171.40
10.08;32605.00;31809.80;2.802;-1.252;9.446;401.78;171.40
10.09;32640.10;31844.00;2.798;-1.263;9.448;401.98;171.41
10.10;32675.10;31878.20;2.793;-1.274;9.449;402.18;171.42
10.11;32710.20;31912.40;2.789;-1.285;9.451;402.38;171.42
10.12;32745.20;31946.60;2.785;-1.296;9.452;402.58;171.42
10.13;32780.30;31980.80;2.780;-1.306;9.454;402.78;171.43
10.14;32815.40;32015.00;2.776;-1.317;9.455;402.98;171.43
10.15;32850.40;32049.20;2.772;-1.327;9.457;403.17;171.44
10.16;32885.50;32083.40;2.767;-1.337;9.458;403.37;171.44
10.17;32920.60;32117.70;2.763;-1.347;9.460;403.55;171.44
10.18;32955.70;32151.90;2.759;-1.357;9.461;403.74;171.45
10.19;32990.80;32186.10;2.754;-1.366;9.463;403.92;171.45
10.20;33025.90;32220.40;2.750;-1.375;9.464;404.10;171.46
10.21;33061.00;32254.60;2.745;-1.385;9.466;404.29;171.46
10.22;33096.10;32288.90;2.741;-1.394;9.467;404.47;171.46
10.23;33131.20;32323.10;2.737;-1.403;9.469;404.65;171.47
10.24;33166.30;32357.40;2.732;-1.413;9.471;404.83;171.47
10.25;33201.40;32391.70;2.728;-1.422;9.472;405.01;171.48
10.26;33236.60;32425.90;2.724;-1.431;9.474;405.19;171.48
10.27;33271.70;32460.20;2.719;-1.440;9.475;405.37;171.49
10.28;33306.90;32494.50;2.715;-1.450;9.477;405.56;171.49
10.29;33342.00;32528.80;2.710;-1.459;9.478;405.74;171.49
10.30;33377.20;32563.10;2.706;-1.468;9.480;405.92;171.50
10.31;33412.30;32597.40;2.702;-1.478;9.482;406.10;171.50
10.32;33447.50;32631.70;2.697;-1.487;9.483;406.28;171.51
10.33;33482.70;32666.00;2.693;-1.496;9.485;406.47;171.51
10.34;33517.80;32700.30;2.689;-1.506;9.487;406.65;171.51
10.35;33553.00;32734.60;2.684;-1.515;9.488;406.83;171.52
10.36;33588.20;32769.00;2.680;-1.524;9.490;407.01;171.52
10.37;33623.40;32803.30;2.675;-1.534;9.492;407.19;171.53
10.38;33658.60;32837.60;2.671;-1.543;9.493;407.37;171.53
10.39;33693.80;32872.00;2.667;-1.552;9.495;407.55;171.53
10.40;33729.00;32906.30;2.662;-1.561;9.497;407.73;171.53
10.41;33764.20;32940.70;2.658;-1.570;9.498;407.91;171.54
10.42;33799.40;32975.00;2.654;-1.579;9.500;408.09;171.54
10.43;33834.60;33009.40;2.649;-1.589;9.502;408.27;171.54
10.44;33869.90;33043.80;2.645;-1.598;9.504;408.45;171.55
10.45;33905.10;33078.10;2.640;-1.607;9.505;408.63;171.55
10.46;33940.30;33112.50;2.636;-1.616;9.507;408.81;171.55
10.47;33975.60;33146.90;2.632;-1.625;9.509;408.99;171.55
10.48;34010.80;33181.30;2.627;-1.634;9.511;409.17;171.56
10.49;34046.10;33215.70;2.623;-1.643;9.512;409.35;171.56
10.50;34081.30;33250.10;2.618;-1.652;9.514;409.52;171.56
10.51;34116.60;33284.50;2.614;-1.661;9.516;409.70;171.57
10.52;34151.90;33318.90;2.610;-1.670;9.518;409.88;171.57
10.53;34187.20;33353.30;2.605;-1.679;9.519;410.05;171.57
10.54;34222.40;33387.70;2.601;-1.688;9.521;410.23;171.57
10.55;34257.70;33422.20;2.596;-1.696;9.523;410.41;171.58
10.56;34293.00;33456.60;2.592;-1.705;9.525;410.58;171.58
10.57;34328.30;33491.00;2.588;-1.714;9.527;410.76;171.59
10.58;34363.60;33525.50;2.583;-1.723;9.529;410.94;171.59
10.59;34398.90;33559.90;2.579;-1.732;9.530;411.11;171.60
10.60;34434.20;33594.40;2.574;-1.741;9.532;411.29;171.60
10.61;34469.50;33628.80;2.570;-1.750;9.534;411.47;171.60
10.62;34504.90;33663.30;2.566;-1.758;9.536;411.64;171.61
10.63;34540.20;33697.80;2.561;-1.767;9.538;411.82;171.61
10.64;34575.50;33732.20;2.557;-1.776;9.540;411.99;171.62
10.65;34610.90;33766.70;2.552;-1.785;9.542;412.17;171.62
10.66;34646.20;33801.20;2.548;-1.794;9.544;412.35;171.63
10.67;34681.60;33835.70;2.544;-1.803;9.545;412.52;171.63
10.68;34716.90;33870.20;2.539;-1.812;9.547;412.70;171.63
10.69;34752.30;33904.70;2.535;-1.820;9.549;412.88;171.64
10.70;34787.60;33939.20;2.530;-1.829;9.551;413.05;171.64
10.71;34823.00;33973.70;2.526;-1.838;9.553;413.23;171.65
10.72;34858.40;34008.20;2.522;-1.847;9.555;413.41;171.65
10.73;34893.80;34042.70;2.517;-1.856;9.557;413.58;171.66
10.74;34929.20;34077.20;2.513;-1.865;9.559;413.76;171.66
10.75;34964.60;34111.80;2.508;-1.873;9.561;413.93;171.67
10.76;34999.90;34146.30;2.504;-1.882;9.563;414.11;171.67
10.77;35035.40;34180.80;2.500;-1.891;9.565;414.29;171.68
10.78;35070.80;34215.40;2.495;-1.900;9.567;414.47;171.68
10.79;35106.20;34249.90;2.491;-1.908;9.569;414.64;171.69
10.80;35141.60;34284.50;2.486;-1.917;9.571;414.82;171.69
10.81;35177.00;34319.00;2.482;-1.924;9.573;415.00;171.69
10.82;35212.40;34353.60;2.478;-1.931;9.575;415.18;171.70
10.83;35247.90;34388.20;2.473;-1.937;9.577;415.35;171.70
10.84;35283.30;34422.80;2.469;-1.944;9.579;415.53;171.71
10.85;35318.80;34457.30;2.464;-1.951;9.581;415.71;171.71
10.86;35354.20;34491.90;2.460;-1.957;9.583;415.88;171.72
10.87;35389.70;34526.50;2.456;-1.964;9.585;416.06;171.72
10.88;35425.10;34561.10;2.451;-1.970;9.587;416.24;171.73
10.89;35460.60;34595.70;2.447;-1.977;9.589;416.41;171.73
10.90;35496.10;34630.30;2.442;-1.984;9.591;416.59;171.74
10.91;35531.60;34664.90;2.438;-1.990;9.593;416.77;171.74
10.92;35567.10;34699.60;2.434;-1.997;9.595;416.95;171.75
10.93;35602.50;34734.20;2.429;-2.004;9.597;417.12;171.75
10.94;35638.00;34768.80;2.425;-2.010;9.599;417.30;171.75
10.95;35673.50;34803.40;2.421;-2.017;9.601;417.48;171.76
10.96;35709.00;34838.10;2.416;-2.024;9.603;417.65;171.76
10.97;35744.50;34872.70;2.412;-2.030;9.606;417.83;171.77
10.98;35780.10;34907.40;2.407;-2.037;9.608;418.01;171.77
10.99;35815.60;34942.00;2.403;-2.044;9.610;418.19;171.78
11.00;35851.10;34976.70;2.399;-2.050;9.612;418.36;171.78
11.01;35886.60;35011.30;2.394;-2.057;9.614;418.54;171.79
11.02;35922.20;35046.00;2.390;-2.064;9.616;418.72;171.79
11.03;35957.70;35080.70;2.386;-2.070;9.618;418.90;171.80
11.04;35993.20;35115.40;2.381;-2.077;9.620;419.07;171.80
11.05;36028.80;35150.10;2.377;-2.084;9.622;419.25;171.81
11.06;36064.40;35184.70;2.372;-2.090;9.625;419.43;171.81
11.07;36099.90;35219.40;2.368;-2.097;9.627;419.61;171.81
11.08;36135.50;35254.10;2.364;-2.104;9.629;419.79;171.82
11.09;36171.10;35288.80;2.359;-2.110;9.631;419.96;171.82
11.10;36206.60;35323.60;2.355;-2.117;9.633;420.13;171.83
11.11;36242.20;35358.30;2.351;-2.123;9.635;420.31;171.83
11.12;36277.80;35393.00;2.346;-2.130;9.638;420.48;171.84
11.13;36313.40;35427.70;2.342;-2.136;9.640;420.66;171.84
11.14;36349.00;35462.50;2.338;-2.143;9.642;420.83;171.85
11.15;36384.60;35497.20;2.333;-2.149;9.644;421.00;171.85
11.16;36420.20;35531.90;2.329;-2.155;9.646;421.18;171.86
11.17;36455.80;35566.70;2.325;-2.162;9.649;421.35;171.86
11.18;36491.50;35601.40;2.320;-2.168;9.651;421.52;171.87
11.19;36527.10;35636.20;2.316;-2.175;9.653;421.70;171.87
11.20;36562.70;35670.90;2.311;-2.181;9.655;421.87;171.87
11.21;36598.40;35705.70;2.307;-2.187;9.658;422.04;171.88
11.22;36634.00;35740.50;2.303;-2.194;9.660;422.22;171.88
11.23;36669.60;35775.30;2.298;-2.200;9.662;422.39;171.89
11.24;36705.30;35810.00;2.294;-2.206;9.664;422.57;171.89
11.25;36741.00;35844.80;2.290;-2.213;9.667;422.74;171.90
11.26;36776.60;35879.60;2.285;-2.219;9.669;422.92;171.90
11.27;36812.30;35914.40;2.281;-2.225;9.671;423.09;171.91
11.28;36848.00;35949.20;2.277;-2.231;9.673;423.26;171.91
11.29;36883.60;35984.00;2.272;-2.237;9.676;423.43;171.92
11.30;36919.30;36018.80;2.268;-2.244;9.678;423.61;171.92
11.31;36955.00;36053.70;2.264;-2.250;9.680;423.78;171.93
11.32;36990.70;36088.50;2.260;-2.255;9.683;423.95;171.93
11.33;37026.40;36123.30;2.255;-2.261;9.685;424.12;171.94
11.34;37062.10;36158.10;2.251;-2.267;9.687;424.29;171.95
11.35;37097.80;36193.00;2.247;-2.273;9.690;424.45;171.95
11.36;37133.50;36227.80;2.242;-2.279;9.692;424.62;171.96
11.37;37169.20;36262.70;2.238;-2.285;9.694;424.79;171.96
11.38;37205.00;36297.50;2.234;-2.291;9.696;424.96;171.97
11.39;37240.70;36332.40;2.229;-2.297;9.699;425.13;171.97
11.40;37276.40;36367.20;2.225;-2.303;9.701;425.30;171.98
11.41;37312.20;36402.10;2.221;-2.308;9.703;425.47;171.99
11.42;37347.90;36437.00;2.216;-2.314;9.706;425.63;171.99
11.43;37383.70;36471.90;2.212;-2.320;9.708;425.80;172.00
11.44;37419.40;36506.70;2.208;-2.326;9.711;425.96;172.00
11.45;37455.20;36541.60;2.204;-2.331;9.713;426.13;172.01
11.46;37490.90;36576.50;2.199;-2.337;9.715;426.30;172.01
11.47;37526.70;36611.40;2.195;-2.343;9.718;426.46;172.02
11.48;37562.50;36646.30;2.191;-2.348;9.720;426.63;172.03
11.49;37598.30;36681.20;2.186;-2.354;9.722;426.79;172.03
11.50;37634.00;36716.10;2.182;-2.360;9.725;426.96;172.04
11.51;37669.80;36751.10;2.178;-2.365;9.727;427.13;172.04
11.52;37705.60;36786.00;2.174;-2.371;9.730;427.29;172.05
11.53;37741.40;36820.90;2.169;-2.377;9.732;427.46;172.05
11.54;37777.20;36855.80;2.165;-2.382;9.734;427.62;172.06
11.55;37813.00;36890.80;2.161;-2.388;9.737;427.79;172.06
11.56;37848.80;36925.70;2.157;-2.394;9.739;427.96;172.07
11.57;37884.70;36960.60;2.152;-2.399;9.742;428.12;172.08
11.58;37920.50;36995.60;2.148;-2.405;9.744;428.29;172.08
11.59;37956.30;37030.60;2.144;-2.411;9.747;428.46;172.09
11.60;37992.20;37065.50;2.140;-2.417;9.749;428.62;172.09
11.61;38028.00;37100.50;2.135;-2.422;9.752;428.79;172.10
11.62;38063.80;37135.50;2.131;-2.427;9.754;428.96;172.10
11.63;38099.70;37170.40;2.127;-2.433;9.756;429.14;172.11
11.64;38135.50;37205.40;2.123;-2.438;9.759;429.31;172.12
11.65;38171.40;37240.40;2.118;-2.444;9.761;429.48;172.12
11.66;38207.30;37275.40;2.114;-2.449;9.764;429.65;172.13
11.67;38243.10;37310.40;2.110;-2.454;9.766;429.82;172.13
11.68;38279.00;37345.40;2.106;-2.460;9.769;429.99;172.14
11.69;38314.90;37380.40;2.101;-2.465;9.771;430.16;172.14
11.70;38350.80;37415.40;2.097;-2.471;9.774;430.34;172.15
11.71;38386.70;37450.40;2.093;-2.476;9.777;430.51;172.16
11.72;38422.60;37485.40;2.089;-2.481;9.779;430.68;172.16
11.73;38458.50;37520.50;2.084;-2.487;9.782;430.85;172.17
11.74;38494.40;37555.50;2.080;-2.492;9.784;431.02;172.17
11.75;38530.30;37590.50;2.076;-2.498;9.787;431.19;172.18
11.76;38566.20;37625.60;2.072;-2.503;9.789;431.37;172.18
11.77;38602.10;37660.60;2.068;-2.508;9.792;431.54;172.19
11.78;38638.10;37695.70;2.063;-2.514;9.794;431.71;172.20
11.79;38674.00;37730.70;2.059;-2.519;9.797;431.88;172.20
11.80;38709.90;37765.80;2.055;-2.525;9.799;432.05;172.21
11.81;38745.90;37800.90;2.051;-2.529;9.802;432.21;172.21
11.82;38781.80;37835.90;2.047;-2.533;9.804;432.37;172.22
11.83;38817.80;37871.00;2.042;-2.538;9.807;432.52;172.22
11.84;38853.70;37906.10;2.038;-2.542;9.810;432.68;172.23
11.85;38889.70;37941.20;2.034;-2.546;9.812;432.84;172.24
11.86;38925.60;37976.20;2.030;-2.550;9.815;433.01;172.24
11.87;38961.60;38011.30;2.026;-2.554;9.817;433.17;172.25
11.88;38997.60;38046.40;2.021;-2.558;9.820;433.33;172.25
11.89;39033.60;38081.50;2.017;-2.562;9.822;433.50;172.26
11.90;39069.60;38116.60;2.013;-2.566;9.825;433.66;172.26
11.91;39105.60;38151.80;2.009;-2.569;9.827;433.83;172.27
11.92;39141.50;38186.90;2.005;-2.573;9.830;434.00;172.27
11.93;39177.60;38222.00;2.001;-2.576;9.833;434.18;172.28
11.94;39213.60;38257.10;1.996;-2.580;9.835;434.35;172.29
11.95;39249.60;38292.30;1.992;-2.583;9.838;434.52;172.29
11.96;39285.60;38327.40;1.988;-2.587;9.840;434.69;172.30
11.97;39321.60;38362.50;1.984;-2.590;9.843;434.86;172.30
11.98;39357.60;38397.70;1.980;-2.594;9.846;435.04;172.31
11.99;39393.60;38432.80;1.976;-2.597;9.848;435.21;172.31
12.00;39429.70;38468.00;1.972;-2.601;9.851;435.38;172.32
12.01;39465.70;38503.20;1.967;-2.604;9.853;435.55;172.33
12.02;39501.80;38538.30;1.963;-2.608;9.856;435.73;172.33
12.03;39537.80;38573.50;1.959;-2.611;9.859;435.90;172.34
12.04;39573.90;38608.70;1.955;-2.615;9.861;436.07;172.34
12.05;39609.90;38643.80;1.951;-2.618;9.864;436.24;172.35
12.06;39646.00;38679.00;1.947;-2.621;9.867;436.42;172.35
12.07;39682.10;38714.20;1.943;-2.625;9.869;436.59;172.36
12.08;39718.20;38749.40;1.939;-2.628;9.872;436.76;172.37
12.09;39754.20;38784.60;1.935;-2.632;9.875;436.94;172.37
12.10;39790.30;38819.80;1.931;-2.635;9.877;437.11;172.38
12.11;39826.40;38855.10;1.926;-2.639;9.880;437.28;172.38
12.12;39862.50;38890.30;1.922;-2.642;9.883;437.45;172.39
12.13;39898.60;38925.50;1.918;-2.646;9.885;437.63;172.40
12.14;39934.70;38960.70;1.914;-2.649;9.888;437.80;172.40
12.15;39970.80;38995.90;1.910;-2.653;9.891;437.98;172.41
12.16;40007.00;39031.20;1.906;-2.656;9.893;438.15;172.42
12.17;40043.10;39066.40;1.902;-2.659;9.896;438.32;172.43
12.18;40079.20;39101.70;1.898;-2.663;9.899;438.50;172.44
12.19;40115.40;39136.90;1.894;-2.666;9.902;438.67;172.44
12.20;40151.50;39172.20;1.890;-2.670;9.904;438.85;172.45
12.21;40187.60;39207.50;1.886;-2.673;9.907;439.02;172.46
12.22;40223.80;39242.70;1.882;-2.677;9.910;439.20;172.47
12.23;40259.90;39278.00;1.878;-2.680;9.912;439.37;172.47
12.24;40296.10;39313.30;1.874;-2.683;9.915;439.54;172.48
12.25;40332.20;39348.50;1.870;-2.687;9.918;439.72;172.49
12.26;40368.40;39383.80;1.866;-2.690;9.921;439.89;172.50
12.27;40404.60;39419.10;1.862;-2.694;9.923;440.07;172.51
12.28;40440.80;39454.40;1.857;-2.697;9.926;440.24;172.51
12.29;40477.00;39489.70;1.853;-2.700;9.929;440.42;172.52
12.30;40513.10;39525.00;1.849;-2.704;9.932;440.59;172.53
12.31;40549.30;39560.30;1.845;-2.707;9.935;440.77;172.54
12.32;40585.50;39595.60;1.841;-2.711;9.937;440.94;172.55
12.33;40621.70;39631.00;1.837;-2.714;9.940;441.12;172.55
12.34;40658.00;39666.30;1.833;-2.718;9.943;441.29;172.56
12.35;40694.20;39701.60;1.829;-2.721;9.946;441.47;172.57
12.36;40730.40;39737.00;1.825;-2.724;9.949;441.64;172.58
12.37;40766.60;39772.30;1.821;-2.728;9.951;441.82;172.59
12.38;40802.80;39807.60;1.817;-2.731;9.954;441.99;172.59
12.39;40839.10;39843.00;1.813;-2.734;9.957;442.17;172.60
12.40;40875.30;39878.40;1.809;-2.738;9.960;442.35;172.61
12.41;40911.60;39913.70;1.805;-2.741;9.963;442.53;172.62
12.42;40947.80;39949.10;1.801;-2.744;9.965;442.70;172.63
12.43;40984.10;39984.50;1.798;-2.748;9.968;442.88;172.63
12.44;41020.30;40019.80;1.794;-2.751;9.971;443.06;172.64
12.45;41056.60;40055.20;1.790;-2.754;9.974;443.24;172.65
12.46;41092.90;40090.60;1.786;-2.758;9.977;443.42;172.66
12.47;41129.10;40126.00;1.782;-2.761;9.980;443.59;172.67
12.48;41165.40;40161.40;1.778;-2.764;9.983;443.77;172.67
12.49;41201.70;40196.80;1.774;-2.767;9.985;443.95;172.68
12.50;41238.00;40232.20;1.770;-2.770;9.988;444.13;172.69
12.51;41274.30;40267.60;1.766;-2.774;9.991;444.31;172.70
12.52;41310.60;40303.00;1.762;-2.777;9.994;444.49;172.71
12.53;41346.90;40338.40;1.758;-2.780;9.997;444.67;172.71
12.54;41383.20;40373.90;1.754;-2.783;10.000;444.85;172.72
12.55;41419.50;40409.30;1.750;-2.787;10.003;445.03;172.73
12.56;41455.90;40444.70;1.746;-2.790;10.006;445.21;172.74
12.57;41492.20;40480.20;1.742;-2.793;10.009;445.38;172.75
12.58;41528.50;40515.60;1.738;-2.796;10.012;445.56;172.75
12.59;41564.90;40551.10;1.734;-2.799;10.014;445.74;172.76
12.60;41601.20;40586.50;1.731;-2.803;10.017;445.92;172.77
12.61;41637.60;40622.00;1.727;-2.804;10.020;446.11;172.78
12.62;41673.90;40657.50;1.723;-2.805;10.023;446.29;172.78
12.63;41710.30;40693.00;1.719;-2.806;10.026;446.47;172.79
12.64;41746.60;40728.40;1.715;-2.808;10.029;446.65;172.80
12.65;41783.00;40763.90;1.711;-2.809;10.032;446.84;172.81
12.66;41819.40;40799.40;1.707;-2.810;10.035;447.02;172.82
12.67;41855.80;40834.90;1.703;-2.811;10.038;447.20;172.82
12.68;41892.10;40870.40;1.699;-2.812;10.041;447.38;172.83
12.69;41928.50;40905.90;1.696;-2.814;10.044;447.57;172.84
12.70;41964.90;40941.40;1.692;-2.815;10.047;447.75;172.85
12.71;42001.30;40976.90;1.688;-2.816;10.050;447.93;172.86
12.72;42037.70;41012.40;1.684;-2.817;10.053;448.11;172.86
12.73;42074.20;41048.00;1.680;-2.818;10.056;448.30;172.87
12.74;42110.60;41083.50;1.676;-2.819;10.059;448.48;172.88
12.75;42147.00;41119.00;1.672;-2.821;10.062;448.66;172.89
12.76;42183.40;41154.60;1.669;-2.822;10.065;448.85;172.90
12.77;42219.90;41190.10;1.665;-2.823;10.068;449.03;172.90
12.78;42256.30;41225.70;1.661;-2.824;10.071;449.22;172.91
12.79;42292.70;41261.20;1.657;-2.825;10.074;449.40;172.92
12.80;42329.20;41296.80;1.653;-2.826;10.077;449.59;172.93
12.81;42365.70;41332.30;1.649;-2.827;10.080;449.78;172.94
12.82;42402.10;41367.90;1.646;-2.828;10.083;449.97;172.94
12.83;42438.60;41403.50;1.642;-2.829;10.086;450.15;172.95
12.84;42475.00;41439.10;1.638;-2.830;10.089;450.34;172.96
12.85;42511.50;41474.70;1.634;-2.831;10.092;450.53;172.97
12.86;42548.00;41510.20;1.631;-2.832;10.095;450.71;172.98
12.87;42584.50;41545.90;1.627;-2.833;10.098;450.90;172.98
12.88;42621.00;41581.40;1.623;-2.834;10.101;451.09;172.99
12.89;42657.50;41617.10;1.619;-2.835;10.104;451.28;173.00
12.90;42694.00;41652.70;1.615;-2.836;10.107;451.47;173.01
12.91;42730.50;41688.30;1.612;-2.837;10.110;451.65;173.02
12.92;42767.00;41723.90;1.608;-2.838;10.113;451.84;173.02
12.93;42803.50;41759.50;1.604;-2.839;10.116;452.03;173.03
12.94;42840.00;41795.20;1.600;-2.840;10.119;452.22;173.04
12.95;42876.60;41830.80;1.597;-2.841;10.122;452.40;173.05
12.96;42913.10;41866.50;1.593;-2.842;10.125;452.60;173.06
12.97;42949.70;41902.10;1.589;-2.842;10.128;452.80;173.06
12.98;42986.20;41937.80;1.586;-2.842;10.132;453.00;173.07
12.99;43022.80;41973.40;1.582;-2.843;10.135;453.20;173.08
13.00;43059.30;42009.10;1.578;-2.843;10.138;453.40;173.09
13.01;43095.90;42044.80;1.574;-2.843;10.141;453.60;173.10
13.02;43132.50;42080.50;1.571;-2.843;10.144;453.80;173.10
13.03;43169.00;42116.10;1.567;-2.844;10.147;454.01;173.11
13.04;43205.60;42151.80;1.563;-2.844;10.150;454.21;173.12
13.05;43242.20;42187.50;1.560;-2.845;10.153;454.40;173.13
13.06;43278.80;42223.20;1.556;-2.845;10.156;454.60;173.14
13.07;43315.40;42258.90;1.552;-2.846;10.160;454.79;173.15
13.08;43352.00;42294.70;1.549;-2.846;10.163;454.99;173.15
13.09;43388.60;42330.40;1.545;-2.847;10.166;455.18;173.16
13.10;43425.30;42366.10;1.541;-2.847;10.169;455.38;173.17
13.11;43461.90;42401.80;1.538;-2.847;10.172;455.57;173.18
13.12;43498.50;42437.60;1.534;-2.848;10.175;455.77;173.19
13.13;43535.20;42473.30;1.531;-2.848;10.178;455.96;173.20
13.14;43571.80;42509.10;1.527;-2.849;10.181;456.16;173.21
13.15;43608.40;42544.80;1.523;-2.849;10.185;456.35;173.21
13.16;43645.10;42580.60;1.520;-2.849;10.188;456.55;173.22
13.17;43681.80;42616.40;1.516;-2.850;10.191;456.74;173.23
13.18;43718.40;42652.10;1.512;-2.850;10.194;456.94;173.24
13.19;43755.10;42687.90;1.509;-2.850;10.197;457.13;173.25
13.20;43791.80;42723.70;1.505;-2.850;10.200;457.33;173.26
13.21;43828.50;42759.50;1.502;-2.851;10.204;457.52;173.27
13.22;43865.20;42795.30;1.498;-2.852;10.207;457.71;173.27
13.23;43901.90;42831.10;1.495;-2.852;10.210;457.90;173.28
13.24;43938.60;42866.90;1.491;-2.853;10.213;458.09;173.29
13.25;43975.30;42902.70;1.487;-2.853;10.216;458.28;173.30
13.26;44012.00;42938.50;1.484;-2.854;10.220;458.47;173.31
13.27;44048.70;42974.40;1.480;-2.854;10.223;458.66;173.32
13.28;44085.40;43010.20;1.477;-2.854;10.226;458.85;173.33
13.29;44122.20;43046.00;1.473;-2.855;10.229;459.04;173.33
13.30;44158.90;43081.80;1.470;-2.855;10.232;459.23;173.34
13.31;44195.60;43117.70;1.466;-2.856;10.236;459.42;173.35
13.32;44232.40;43153.60;1.463;-2.856;10.239;459.61;173.36
13.33;44269.10;43189.40;1.459;-2.856;10.242;459.80;173.37
13.34;44305.90;43225.30;1.456;-2.857;10.245;459.99;173.38
13.35;44342.70;43261.10;1.452;-2.857;10.248;460.18;173.39
13.36;44379.40;43297.00;1.449;-2.858;10.252;460.37;173.40
13.37;44416.20;43332.90;1.445;-2.858;10.255;460.56;173.40
13.38;44453.00;43368.80;1.442;-2.858;10.258;460.75;173.41
13.39;44489.80;43404.70;1.438;-2.859;10.261;460.94;173.42
13.40;44526.60;43440.60;1.435;-2.859;10.265;461.12;173.43
13.41;44563.40;43476.50;1.431;-2.859;10.268;461.31;173.44
13.42;44600.20;43512.40;1.428;-2.859;10.271;461.50;173.45
13.43;44637.00;43548.30;1.424;-2.860;10.274;461.69;173.46
13.44;44673.80;43584.20;1.421;-2.860;10.278;461.87;173.46
13.45;44710.60;43620.10;1.417;-2.860;10.281;462.06;173.47
13.46;44747.40;43656.00;1.414;-2.860;10.284;462.25;173.48
13.47;44784.30;43692.00;1.410;-2.860;10.287;462.44;173.49
13.48;44821.10;43727.90;1.407;-2.860;10.291;462.63;173.50
13.49;44857.90;43763.90;1.404;-2.860;10.294;462.81;173.51
13.50;44894.80;43799.80;1.400;-2.861;10.297;463.00;173.52
13.51;44931.70;43835.80;1.397;-2.861;10.301;463.19;173.52
13.52;44968.50;43871.70;1.393;-2.861;10.304;463.38;173.53
13.53;45005.40;43907.70;1.390;-2.861;10.307;463.57;173.54
13.54;45042.20;43943.70;1.387;-2.861;10.310;463.75;173.55
13.55;45079.10;43979.60;1.383;-2.861;10.314;463.94;173.56
13.56;45116.00;44015.60;1.380;-2.861;10.317;464.13;173.57
13.57;45152.90;44051.60;1.376;-2.861;10.320;464.31;173.58
13.58;45189.80;44087.60;1.373;-2.861;10.324;464.50;173.58
13.59;45226.70;44123.60;1.370;-2.861;10.327;464.69;173.59
13.60;45263.60;44159.60;1.366;-2.861;10.330;464.87;173.60
13.61;45300.50;44195.60;1.363;-2.862;10.334;465.06;173.61
13.62;45337.40;44231.60;1.359;-2.862;10.337;465.24;173.62
13.63;45374.30;44267.60;1.356;-2.862;10.340;465.43;173.63
13.64;45411.20;44303.60;1.353;-2.862;10.344;465.61;173.64
13.65;45448.20;44339.70;1.349;-2.862;10.347;465.61;173.65
13.66;45485.10;44375.70;1.346;-2.862;10.350;465.61;173.65
13.67;45522.00;44411.70;1.343;-2.862;10.354;465.61;173.65
13.68;45559.00;44447.80;1.339;-2.862;10.357;465.61;173.65
13.69;45595.90;44483.80;1.336;-2.862;10.360;465.61;173.65
13.70;45632.90;44519.90;1.333;-2.862;10.364;465.61;173.65
13.71;45669.80;44555.90;1.329;-2.862;10.367;465.61;173.65
13.72;45706.80;44592.00;1.326;-2.862;10.370;465.61;173.65
13.73;45743.80;44628.10;1.323;-2.862;10.374;465.61;173.65
13.74;45780.80;44664.20;1.319;-2.862;10.377;465.61;173.65
13.75;45817.70;44700.20;1.316;-2.862;10.380;465.61;173.65
13.76;45854.70;44736.30;1.313;-2.862;10.384;465.61;173.65
13.77;45891.70;44772.40;1.310;-2.862;10.387;465.61;173.65
13.78;45928.70;44808.50;1.306;-2.862;10.391;465.61;173.65
13.79;45965.70;44844.60;1.303;-2.862;10.394;465.61;173.65
13.80;46002.70;44880.70;1.300;-2.862;10.397;465.61;173.65
13.81;46039.80;44916.80;1.296;-2.862;10.401;465.61;173.65
13.82;46076.80;44952.90;1.293;-2.862;10.404;465.61;173.65
13.83;46113.80;44989.10;1.290;-2.862;10.407;465.61;173.65
13.84;46150.80;45025.20;1.287;-2.862;10.411;465.61;173.65
13.85;46187.90;45061.30;1.283;-2.862;10.414;465.61;173.65
13.86;46224.90;45097.50;1.280;-2.862;10.418;465.61;173.65
13.87;46261.90;45133.60;1.277;-2.861;10.421;465.61;173.65
13.88;46299.00;45169.80;1.274;-2.861;10.424;465.61;173.65
13.89;46336.10;45205.90;1.270;-2.861;10.428;465.61;173.65
13.90;46373.10;45242.10;1.267;-2.860;10.431;465.61;173.65
13.91;46410.20;45278.20;1.264;-2.860;10.434;465.61;173.65
13.92;46447.30;45314.40;1.261;-2.859;10.438;465.61;173.65
13.93;46484.30;45350.60;1.258;-2.859;10.441;465.61;173.65
13.94;46521.40;45386.70;1.254;-2.858;10.445;465.61;173.65
13.95;46558.50;45422.90;1.251;-2.857;10.448;465.61;173.65
13.96;46595.60;45459.10;1.248;-2.857;10.451;465.61;173.65
13.97;46632.70;45495.30;1.245;-2.856;10.455;465.61;173.65
13.98;46669.80;45531.50;1.242;-2.855;10.458;465.61;173.65
13.99;46706.90;45567.70;1.238;-2.855;10.462;465.61;173.65
14.00;46744.00;45603.90;1.235;-2.854;10.465;465.61;173.65
14.01;46781.10;45640.10;1.232;-2.853;10.469;465.61;173.65
14.02;46818.30;45676.40;1.229;-2.853;10.472;465.61;173.65
14.03;46855.40;45712.60;1.226;-2.852;10.475;465.61;173.65
14.04;46892.50;45748.80;1.223;-2.851;10.479;465.61;173.65
14.05;46929.70;45785.00;1.219;-2.851;10.482;465.61;173.65
14.06;46966.80;45821.30;1.216;-2.850;10.486;465.61;173.65
14.07;47003.90;45857.50;1.213;-2.849;10.489;465.61;173.65
14.08;47041.10;45893.70;1.210;-2.849;10.493;465.61;173.65
14.09;47078.30;45930.00;1.207;-2.848;10.496;465.61;173.65
14.10;47115.40;45966.30;1.204;-2.847;10.499;465.61;173.65
14.11;47152.60;46002.50;1.201;-2.847;10.503;465.61;173.65
14.12;47189.80;46038.80;1.198;-2.846;10.506;465.61;173.65
14.13;47226.90;46075.10;1.194;-2.845;10.510;465.61;173.65
14.14;47264.10;46111.40;1.191;-2.845;10.513;465.61;173.65
14.15;47301.30;46147.60;1.188;-2.844;10.517;465.61;173.65
14.16;47338.50;46183.90;1.185;-2.843;10.520;465.61;173.65
14.17;47375.70;46220.20;1.182;-2.842;10.524;465.61;173.65
14.18;47412.90;46256.50;1.179;-2.842;10.527;465.61;173.65
14.19;47450.10;46292.80;1.176;-2.841;10.531;465.61;173.65
14.20;47487.40;46329.10;1.173;-2.840;10.534;465.61;173.65
14.21;47524.60;46365.50;1.170;-2.839;10.538;465.61;173.65
14.22;47561.80;46401.80;1.167;-2.838;10.541;465.61;173.65
14.23;47599.10;46438.10;1.164;-2.837;10.545;465.61;173.65
14.24;47636.30;46474.40;1.161;-2.836;10.548;465.61;173.65
14.25;47673.50;46510.80;1.158;-2.835;10.552;465.61;173.65
14.26;47710.80;46547.10;1.154;-2.834;10.555;465.61;173.65
14.27;47748.00;46583.40;1.151;-2.834;10.559;465.61;173.65
14.28;47785.30;46619.80;1.148;-2.833;10.562;465.61;173.65
14.29;47822.60;46656.20;1.145;-2.832;10.566;465.61;173.65
14.30;47859.80;46692.50;1.142;-2.831;10.569;465.61;173.65
14.31;47897.10;46728.90;1.139;-2.830;10.573;465.61;173.65
14.32;47934.40;46765.20;1.136;-2.829;10.576;465.61;173.65
14.33;47971.70;46801.60;1.133;-2.828;10.580;465.61;173.65
14.34;48009.00;46838.00;1.130;-2.827;10.583;465.61;173.65
14.35;48046.20;46874.40;1.127;-2.826;10.587;465.61;173.65
14.36;48083.50;46910.80;1.124;-2.825;10.590;465.61;173.65
14.37;48120.90;46947.20;1.121;-2.823;10.594;465.61;173.65
14.38;48158.20;46983.60;1.118;-2.822;10.598;465.61;173.65
14.39;48195.50;47020.00;1.115;-2.821;10.601;465.61;173.65
14.40;48232.80;47056.40;1.112;-2.820;10.605;465.61;173.65
14.41;48270.10;47092.80;1.109;-2.819;10.608;465.61;173.65
14.42;48307.50;47129.20;1.106;-2.817;10.612;465.61;173.65
14.43;48344.80;47165.60;1.103;-2.816;10.615;465.61;173.65
14.44;48382.10;47202.10;1.100;-2.815;10.619;465.61;173.65
14.45;48419.50;47238.50;1.098;-2.814;10.622;465.61;173.65
14.46;48456.80;47275.00;1.095;-2.812;10.626;465.61;173.65
14.47;48494.20;47311.40;1.092;-2.811;10.629;465.61;173.65
14.48;48531.50;47347.90;1.089;-2.810;10.633;465.61;173.65
14.49;48568.90;47384.30;1.086;-2.809;10.637;465.61;173.65
14.50;48606.30;47420.80;1.083;-2.807;10.640;465.61;173.65
14.51;48643.60;47457.20;1.080;-2.806;10.644;465.61;173.65
14.52;48681.00;47493.70;1.077;-2.805;10.647;465.61;173.65
14.53;48718.40;47530.20;1.074;-2.804;10.651;465.61;173.65
14.54;48755.80;47566.60;1.071;-2.802;10.654;465.61;173.65
14.55;48793.20;47603.10;1.068;-2.801;10.658;465.61;173.65
14.56;48830.60;47639.60;1.065;-2.800;10.662;465.61;173.65
14.57;48868.00;47676.10;1.063;-2.799;10.665;465.61;173.65
14.58;48905.40;47712.60;1.060;-2.797;10.669;465.61;173.65
14.59;48942.80;47749.10;1.057;-2.796;10.672;465.61;173.65
14.60;48980.30;47785.60;1.054;-2.795;10.676;465.61;173.65
14.61;49017.70;47822.10;1.051;-2.794;10.680;465.61;173.65
14.62;49055.10;47858.70;1.048;-2.792;10.683;465.61;173.65
14.63;49092.60;47895.20;1.045;-2.791;10.687;465.61;173.65
14.64;49130.00;47931.70;1.042;-2.790;10.690;465.61;173.65
14.65;49167.50;47968.30;1.040;-2.789;10.694;465.61;173.65
14.66;49204.90;48004.80;1.037;-2.787;10.698;465.61;173.65
14.67;49242.40;48041.30;1.034;-2.786;10.701;465.61;173.65
14.68;49279.80;48077.90;1.031;-2.785;10.705;465.61;173.65
14.69;49317.30;48114.40;1.028;-2.783;10.709;465.61;173.65
14.70;49354.80;48151.00;1.025;-2.782;10.712;465.61;173.65
14.71;49392.30;48187.60;1.023;-2.781;10.716;465.61;173.65
14.72;49429.70;48224.10;1.020;-2.780;10.719;465.61;173.65
14.73;49467.20;48260.70;1.017;-2.778;10.723;465.61;173.65
14.74;49504.70;48297.30;1.014;-2.777;10.727;465.61;173.65
14.75;49542.20;48333.90;1.011;-2.776;10.730;465.61;173.65